"Geography","Geographic Area Name","Estimate!!Total!!Citizens 18 years and over","Margin of Error!!Total!!Citizens 18 years and over","Estimate!!Total!!Citizens 18 years and over!!AGE!!18 to 29 years","Margin of Error!!Total!!Citizens 18 years and over!!AGE!!18 to 29 years","Estimate!!Total!!Citizens 18 years and over!!AGE!!30 to 44 years","Margin of Error!!Total!!Citizens 18 years and over!!AGE!!30 to 44 years","Estimate!!Total!!Citizens 18 years and over!!AGE!!45 to 64 years","Margin of Error!!Total!!Citizens 18 years and over!!AGE!!45 to 64 years","Estimate!!Total!!Citizens 18 years and over!!AGE!!65 years and over","Margin of Error!!Total!!Citizens 18 years and over!!AGE!!65 years and over","Estimate!!Total!!Citizens 18 years and over!!SEX!!Male","Margin of Error!!Total!!Citizens 18 years and over!!SEX!!Male","Estimate!!Total!!Citizens 18 years and over!!SEX!!Female","Margin of Error!!Total!!Citizens 18 years and over!!SEX!!Female","Estimate!!Total!!Citizens 18 years and over!!RACE AND HISPANIC ORIGIN!!White alone","Margin of Error!!Total!!Citizens 18 years and over!!RACE AND HISPANIC ORIGIN!!White alone","Estimate!!Total!!Citizens 18 years and over!!RACE AND HISPANIC ORIGIN!!Black or African American alone","Margin of Error!!Total!!Citizens 18 years and over!!RACE AND HISPANIC ORIGIN!!Black or African American alone","Estimate!!Total!!Citizens 18 years and over!!RACE AND HISPANIC ORIGIN!!Asian alone","Margin of Error!!Total!!Citizens 18 years and over!!RACE AND HISPANIC ORIGIN!!Asian alone","Estimate!!Total!!Citizens 18 years and over!!RACE AND HISPANIC ORIGIN!!American Indian and Alaska Native alone","Margin of Error!!Total!!Citizens 18 years and over!!RACE AND HISPANIC ORIGIN!!American Indian and Alaska Native alone","Estimate!!Total!!Citizens 18 years and over!!RACE AND HISPANIC ORIGIN!!Native Hawaiian and Other Pacific Islander alone","Margin of Error!!Total!!Citizens 18 years and over!!RACE AND HISPANIC ORIGIN!!Native Hawaiian and Other Pacific Islander alone","Estimate!!Total!!Citizens 18 years and over!!RACE AND HISPANIC ORIGIN!!Some Other Race alone","Margin of Error!!Total!!Citizens 18 years and over!!RACE AND HISPANIC ORIGIN!!Some Other Race alone","Estimate!!Total!!Citizens 18 years and over!!RACE AND HISPANIC ORIGIN!!Two or More Races","Margin of Error!!Total!!Citizens 18 years and over!!RACE AND HISPANIC ORIGIN!!Two or More Races","Estimate!!Total!!Citizens 18 years and over!!RACE AND HISPANIC ORIGIN!!Hispanic or Latino","Margin of Error!!Total!!Citizens 18 years and over!!RACE AND HISPANIC ORIGIN!!Hispanic or Latino","Estimate!!Total!!Citizens 18 years and over!!RACE AND HISPANIC ORIGIN!!White alone, Not Hispanic or Latino","Margin of Error!!Total!!Citizens 18 years and over!!RACE AND HISPANIC ORIGIN!!White alone, Not Hispanic or Latino","Estimate!!Total!!Citizens 18 years and over!!EDUCATIONAL ATTAINMENT!!Less than 9th grade","Margin of Error!!Total!!Citizens 18 years and over!!EDUCATIONAL ATTAINMENT!!Less than 9th grade","Estimate!!Total!!Citizens 18 years and over!!EDUCATIONAL ATTAINMENT!!9th to 12th grade, no diploma","Margin of Error!!Total!!Citizens 18 years and over!!EDUCATIONAL ATTAINMENT!!9th to 12th grade, no diploma","Estimate!!Total!!Citizens 18 years and over!!EDUCATIONAL ATTAINMENT!!High school graduate (includes equivalency)","Margin of Error!!Total!!Citizens 18 years and over!!EDUCATIONAL ATTAINMENT!!High school graduate (includes equivalency)","Estimate!!Total!!Citizens 18 years and over!!EDUCATIONAL ATTAINMENT!!Some college, no degree","Margin of Error!!Total!!Citizens 18 years and over!!EDUCATIONAL ATTAINMENT!!Some college, no degree","Estimate!!Total!!Citizens 18 years and over!!EDUCATIONAL ATTAINMENT!!Associate's degree","Margin of Error!!Total!!Citizens 18 years and over!!EDUCATIONAL ATTAINMENT!!Associate's degree","Estimate!!Total!!Citizens 18 years and over!!EDUCATIONAL ATTAINMENT!!Bachelor's degree","Margin of Error!!Total!!Citizens 18 years and over!!EDUCATIONAL ATTAINMENT!!Bachelor's degree","Estimate!!Total!!Citizens 18 years and over!!EDUCATIONAL ATTAINMENT!!Graduate or professional degree","Margin of Error!!Total!!Citizens 18 years and over!!EDUCATIONAL ATTAINMENT!!Graduate or professional degree","Estimate!!Total!!Citizens 18 years and over!!EDUCATIONAL ATTAINMENT!!High school degree or higher","Margin of Error!!Total!!Citizens 18 years and over!!EDUCATIONAL ATTAINMENT!!High school degree or higher","Estimate!!Total!!Citizens 18 years and over!!EDUCATIONAL ATTAINMENT!!Bachelor's degree or higher","Margin of Error!!Total!!Citizens 18 years and over!!EDUCATIONAL ATTAINMENT!!Bachelor's degree or higher","Estimate!!Total!!Citizens 18 years and over!!POVERTY STATUS!!Total Citizens, 18 years and older, for whom poverty status is determined","Margin of Error!!Total!!Citizens 18 years and over!!POVERTY STATUS!!Total Citizens, 18 years and older, for whom poverty status is determined","Estimate!!Total!!Citizens 18 years and over!!POVERTY STATUS!!Income in the past 12 months below poverty level","Margin of Error!!Total!!Citizens 18 years and over!!POVERTY STATUS!!Income in the past 12 months below poverty level","Estimate!!Total!!Citizens 18 years and over!!POVERTY STATUS!!Income in the past 12 months at or above the poverty level","Margin of Error!!Total!!Citizens 18 years and over!!POVERTY STATUS!!Income in the past 12 months at or above the poverty level","Estimate!!Total!!Citizens 18 years and over!!HOUSEHOLD INCOME (IN 2021 INFLATION-ADJUSTED DOLLARS)!!Median Household Income for Households with a Citizen, Voting-Age Householder","Margin of Error!!Total!!Citizens 18 years and over!!HOUSEHOLD INCOME (IN 2021 INFLATION-ADJUSTED DOLLARS)!!Median Household Income for Households with a Citizen, Voting-Age Householder","Estimate!!Percent!!Citizens 18 years and over","Margin of Error!!Percent!!Citizens 18 years and over","Estimate!!Percent!!Citizens 18 years and over!!AGE!!18 to 29 years","Margin of Error!!Percent!!Citizens 18 years and over!!AGE!!18 to 29 years","Estimate!!Percent!!Citizens 18 years and over!!AGE!!30 to 44 years","Margin of Error!!Percent!!Citizens 18 years and over!!AGE!!30 to 44 years","Estimate!!Percent!!Citizens 18 years and over!!AGE!!45 to 64 years","Margin of Error!!Percent!!Citizens 18 years and over!!AGE!!45 to 64 years","Estimate!!Percent!!Citizens 18 years and over!!AGE!!65 years and over","Margin of Error!!Percent!!Citizens 18 years and over!!AGE!!65 years and over","Estimate!!Percent!!Citizens 18 years and over!!SEX!!Male","Margin of Error!!Percent!!Citizens 18 years and over!!SEX!!Male","Estimate!!Percent!!Citizens 18 years and over!!SEX!!Female","Margin of Error!!Percent!!Citizens 18 years and over!!SEX!!Female","Estimate!!Percent!!Citizens 18 years and over!!RACE AND HISPANIC ORIGIN!!White alone","Margin of Error!!Percent!!Citizens 18 years and over!!RACE AND HISPANIC ORIGIN!!White alone","Estimate!!Percent!!Citizens 18 years and over!!RACE AND HISPANIC ORIGIN!!Black or African American alone","Margin of Error!!Percent!!Citizens 18 years and over!!RACE AND HISPANIC ORIGIN!!Black or African American alone","Estimate!!Percent!!Citizens 18 years and over!!RACE AND HISPANIC ORIGIN!!Asian alone","Margin of Error!!Percent!!Citizens 18 years and over!!RACE AND HISPANIC ORIGIN!!Asian alone","Estimate!!Percent!!Citizens 18 years and over!!RACE AND HISPANIC ORIGIN!!American Indian and Alaska Native alone","Margin of Error!!Percent!!Citizens 18 years and over!!RACE AND HISPANIC ORIGIN!!American Indian and Alaska Native alone","Estimate!!Percent!!Citizens 18 years and over!!RACE AND HISPANIC ORIGIN!!Native Hawaiian and Other Pacific Islander alone","Margin of Error!!Percent!!Citizens 18 years and over!!RACE AND HISPANIC ORIGIN!!Native Hawaiian and Other Pacific Islander alone","Estimate!!Percent!!Citizens 18 years and over!!RACE AND HISPANIC ORIGIN!!Some Other Race alone","Margin of Error!!Percent!!Citizens 18 years and over!!RACE AND HISPANIC ORIGIN!!Some Other Race alone","Estimate!!Percent!!Citizens 18 years and over!!RACE AND HISPANIC ORIGIN!!Two or More Races","Margin of Error!!Percent!!Citizens 18 years and over!!RACE AND HISPANIC ORIGIN!!Two or More Races","Estimate!!Percent!!Citizens 18 years and over!!RACE AND HISPANIC ORIGIN!!Hispanic or Latino","Margin of Error!!Percent!!Citizens 18 years and over!!RACE AND HISPANIC ORIGIN!!Hispanic or Latino","Estimate!!Percent!!Citizens 18 years and over!!RACE AND HISPANIC ORIGIN!!White alone, Not Hispanic or Latino","Margin of Error!!Percent!!Citizens 18 years and over!!RACE AND HISPANIC ORIGIN!!White alone, Not Hispanic or Latino","Estimate!!Percent!!Citizens 18 years and over!!EDUCATIONAL ATTAINMENT!!Less than 9th grade","Margin of Error!!Percent!!Citizens 18 years and over!!EDUCATIONAL ATTAINMENT!!Less than 9th grade","Estimate!!Percent!!Citizens 18 years and over!!EDUCATIONAL ATTAINMENT!!9th to 12th grade, no diploma","Margin of Error!!Percent!!Citizens 18 years and over!!EDUCATIONAL ATTAINMENT!!9th to 12th grade, no diploma","Estimate!!Percent!!Citizens 18 years and over!!EDUCATIONAL ATTAINMENT!!High school graduate (includes equivalency)","Margin of Error!!Percent!!Citizens 18 years and over!!EDUCATIONAL ATTAINMENT!!High school graduate (includes equivalency)","Estimate!!Percent!!Citizens 18 years and over!!EDUCATIONAL ATTAINMENT!!Some college, no degree","Margin of Error!!Percent!!Citizens 18 years and over!!EDUCATIONAL ATTAINMENT!!Some college, no degree","Estimate!!Percent!!Citizens 18 years and over!!EDUCATIONAL ATTAINMENT!!Associate's degree","Margin of Error!!Percent!!Citizens 18 years and over!!EDUCATIONAL ATTAINMENT!!Associate's degree","Estimate!!Percent!!Citizens 18 years and over!!EDUCATIONAL ATTAINMENT!!Bachelor's degree","Margin of Error!!Percent!!Citizens 18 years and over!!EDUCATIONAL ATTAINMENT!!Bachelor's degree","Estimate!!Percent!!Citizens 18 years and over!!EDUCATIONAL ATTAINMENT!!Graduate or professional degree","Margin of Error!!Percent!!Citizens 18 years and over!!EDUCATIONAL ATTAINMENT!!Graduate or professional degree","Estimate!!Percent!!Citizens 18 years and over!!EDUCATIONAL ATTAINMENT!!High school degree or higher","Margin of Error!!Percent!!Citizens 18 years and over!!EDUCATIONAL ATTAINMENT!!High school degree or higher","Estimate!!Percent!!Citizens 18 years and over!!EDUCATIONAL ATTAINMENT!!Bachelor's degree or higher","Margin of Error!!Percent!!Citizens 18 years and over!!EDUCATIONAL ATTAINMENT!!Bachelor's degree or higher","Estimate!!Percent!!Citizens 18 years and over!!POVERTY STATUS!!Total Citizens, 18 years and older, for whom poverty status is determined","Margin of Error!!Percent!!Citizens 18 years and over!!POVERTY STATUS!!Total Citizens, 18 years and older, for whom poverty status is determined","Estimate!!Percent!!Citizens 18 years and over!!POVERTY STATUS!!Income in the past 12 months below poverty level","Margin of Error!!Percent!!Citizens 18 years and over!!POVERTY STATUS!!Income in the past 12 months below poverty level","Estimate!!Percent!!Citizens 18 years and over!!POVERTY STATUS!!Income in the past 12 months at or above the poverty level","Margin of Error!!Percent!!Citizens 18 years and over!!POVERTY STATUS!!Income in the past 12 months at or above the poverty level","Estimate!!Percent!!Citizens 18 years and over!!HOUSEHOLD INCOME (IN 2021 INFLATION-ADJUSTED DOLLARS)!!Median Household Income for Households with a Citizen, Voting-Age Householder","Margin of Error!!Percent!!Citizens 18 years and over!!HOUSEHOLD INCOME (IN 2021 INFLATION-ADJUSTED DOLLARS)!!Median Household Income for Households with a Citizen, Voting-Age Householder",
"0400000US01","Alabama","3829788","6729","761536","5487","916381","7196","1270535","5383","881336","3098","1827345","4972","2002443","4367","2610987","5624","980926","7786","35880","3065","15636","2215","N","N","35190","4891","149736","7993","89946","4676","2590749","4643","112257","6334","336209","13180","1227414","20713","864875","17814","322631","10349","600174","13118","366228","10925","3381322","17699","966402","16888","3729216","6594","528456","17931","3200760","19926","54168","759","(X)","(X)","19.9","0.1","23.9","0.2","33.2","0.1","23.0","0.1","47.7","0.1","52.3","0.1","68.2","0.1","25.6","0.2","0.9","0.1","0.4","0.1","N","N","0.9","0.1","3.9","0.2","2.3","0.1","67.6","0.1","2.9","0.2","8.8","0.3","32.0","0.5","22.6","0.5","8.4","0.3","15.7","0.3","9.6","0.3","88.3","0.4","25.2","0.4","(X)","(X)","14.2","0.5","85.8","0.5","(X)","(X)",
"0400000US02","Alaska","533852","2824","118299","2484","154200","2921","165415","2790","95938","1631","281367","2019","252485","2132","345600","2471","N","N","28259","2095","N","N","6153","1297","13058","2277","55018","4517","31296","1296","338386","2059","10399","1899","27838","2821","163309","7579","134736","6605","41800","3035","100041","5462","55729","3428","495615","3982","155770","5930","520919","2823","50901","3867","470018","4859","78112","2188","(X)","(X)","22.2","0.4","28.9","0.5","31.0","0.5","18.0","0.3","52.7","0.3","47.3","0.3","64.7","0.6","N","N","5.3","0.4","N","N","1.2","0.2","2.4","0.4","10.3","0.8","5.9","0.2","63.4","0.5","1.9","0.4","5.2","0.5","30.6","1.4","25.2","1.2","7.8","0.6","18.7","1.0","10.4","0.6","92.8","0.7","29.2","1.1","(X)","(X)","9.8","0.7","90.2","0.7","(X)","(X)",
"0400000US04","Arizona","5216518","14241","1103708","7505","1248336","8583","1574196","8011","1290278","4141","2584180","9309","2632338","9269","3430873","13779","230929","5434","139485","5700","204289","6727","N","N","402390","16806","799473","19563","1302281","12413","3155773","8145","150141","7293","329737","10645","1296969","21221","1347636","21268","487090","11521","1005325","16076","599620","14363","4736640","16632","1604945","21650","5101630","14316","555047","14565","4546583","19937","70181","654","(X)","(X)","21.2","0.1","23.9","0.1","30.2","0.1","24.7","0.1","49.5","0.1","50.5","0.1","65.8","0.3","4.4","0.1","2.7","0.1","3.9","0.1","N","N","7.7","0.3","15.3","0.4","25.0","0.2","60.5","0.2","2.9","0.1","6.3","0.2","24.9","0.4","25.8","0.4","9.3","0.2","19.3","0.3","11.5","0.3","90.8","0.2","30.8","0.4","(X)","(X)","10.9","0.3","89.1","0.3","(X)","(X)",
"0400000US05","Arkansas","2237649","6177","451827","4590","546263","5062","719283","5762","520276","2419","1085739","4696","1151910","3842","1667273","8445","326043","4143","21409","2327","11888","2358","3341","1247","38745","4064","168950","9679","97070","5253","1646979","7635","69552","4687","157422","7426","783969","13306","527677","11379","170978","6375","342983","9784","185068","7466","2010675","11016","528051","12476","2171815","6257","310680","12705","1861135","14126","52589","995","(X)","(X)","20.2","0.2","24.4","0.2","32.1","0.2","23.3","0.1","48.5","0.1","51.5","0.1","74.5","0.4","14.6","0.2","1.0","0.1","0.5","0.1","0.1","0.1","1.7","0.2","7.6","0.4","4.3","0.2","73.6","0.4","3.1","0.2","7.0","0.3","35.0","0.6","23.6","0.5","7.6","0.3","15.3","0.4","8.3","0.3","89.9","0.4","23.6","0.5","(X)","(X)","14.3","0.6","85.7","0.6","(X)","(X)",
"0400000US06","California","26028290","39993","5718870","14631","6742916","24889","8082876","22240","5483628","11727","12858732","23205","13169558","25798","12172620","35339","1662981","13061","3780303","23760","317520","11500","100672","4816","3871307","41524","4122887","48560","8381980","33382","10998039","19998","1235587","18157","1490563","21815","5840951","47239","6166591","43527","2159912","24365","5807051","36751","3327635","30486","23302140","40675","9134686","48606","25467385","39579","2646794","38499","22820591","50262","88600","601","(X)","(X)","22.0","0.1","25.9","0.1","31.1","0.1","21.1","0.1","49.4","0.1","50.6","0.1","46.8","0.1","6.4","0.1","14.5","0.1","1.2","0.1","0.4","0.1","14.9","0.2","15.8","0.2","32.2","0.1","42.3","0.1","4.7","0.1","5.7","0.1","22.4","0.2","23.7","0.2","8.3","0.1","22.3","0.1","12.8","0.1","89.5","0.1","35.1","0.2","(X)","(X)","10.4","0.1","89.6","0.1","(X)","(X)",
"0400000US08","Colorado","4303604","10804","914677","5997","1192766","7204","1335547","7118","860614","3082","2167373","8126","2136231","6709","3290590","9322","159927","5493","111009","3852","41010","3961","5609","1130","203480","10629","491979","12422","724576","9286","3099344","7020","84352","5865","190423","9097","934199","19439","940972","18416","344706","10567","1141289","13718","667663","12292","4028829","15828","1808952","18079","4208691","10690","369618","11948","3839073","15226","83247","796","(X)","(X)","21.3","0.1","27.7","0.1","31.0","0.1","20.0","0.1","50.4","0.1","49.6","0.1","76.5","0.3","3.7","0.1","2.6","0.1","1.0","0.1","0.1","0.1","4.7","0.2","11.4","0.3","16.8","0.2","72.0","0.2","2.0","0.1","4.4","0.2","21.7","0.5","21.9","0.4","8.0","0.2","26.5","0.3","15.5","0.3","93.6","0.3","42.0","0.4","(X)","(X)","8.8","0.3","91.2","0.3","(X)","(X)",
"0400000US09","Connecticut","2659979","11139","533356","4084","585677","7300","913711","6444","627235","3220","1286843","7428","1373136","5942","1913891","8421","266552","6619","89859","4131","7212","2157","N","N","149647","8261","231441","9439","359450","7159","1857230","6119","75809","5670","125464","7598","697037","15268","508582","11781","193376","8081","607988","11834","451723","10896","2458706","15407","1059711","15768","2571786","10938","236540","11338","2335246","14696","85347","1049","(X)","(X)","20.1","0.1","22.0","0.2","34.4","0.2","23.6","0.1","48.4","0.1","51.6","0.1","72.0","0.4","10.0","0.2","3.4","0.2","0.3","0.1","N","N","5.6","0.3","8.7","0.4","13.5","0.2","69.8","0.3","2.8","0.2","4.7","0.3","26.2","0.5","19.1","0.4","7.3","0.3","22.9","0.4","17.0","0.4","92.4","0.4","39.8","0.6","(X)","(X)","9.2","0.4","90.8","0.4","(X)","(X)",
"0400000US10","Delaware","754114","4755","134780","2123","172681","2675","248091","2079","198562","1202","359786","2778","394328","2767","503503","3096","153435","3970","20284","1724","N","N","N","N","22800","3400","51505","4997","49006","3037","496208","2755","17227","2603","43023","4065","223099","7965","155563","5995","67825","4623","146329","7026","101048","5397","693864","5924","247377","7878","733135","4730","71912","5580","661223","7705","70477","1746","(X)","(X)","17.9","0.2","22.9","0.3","32.9","0.2","26.3","0.2","47.7","0.2","52.3","0.2","66.8","0.5","20.3","0.5","2.7","0.2","N","N","N","N","3.0","0.4","6.8","0.6","6.5","0.4","65.8","0.5","2.3","0.3","5.7","0.5","29.6","1.1","20.6","0.8","9.0","0.6","19.4","0.9","13.4","0.7","92.0","0.5","32.8","1.0","(X)","(X)","9.8","0.8","90.2","0.8","(X)","(X)",
"0400000US11","District of Columbia","502670","3677","127733","1673","169078","2606","123851","1916","82008","1075","234461","2326","268209","2429","214566","2432","218198","3295","19448","1369","N","N","N","N","11841","2294","37612","3803","36192","2518","207421","1990","11474","3026","19309","3719","79066","5322","81572","5036","14981","2077","129313","6248","166955","5705","471887","5851","296268","7512","474860","3778","70510","5998","404350","7091","92036","3913","(X)","(X)","25.4","0.3","33.6","0.4","24.6","0.4","16.3","0.2","46.6","0.3","53.4","0.3","42.7","0.4","43.4","0.7","3.9","0.3","N","N","N","N","2.4","0.5","7.5","0.7","7.2","0.5","41.3","0.4","2.3","0.6","3.8","0.7","15.7","1.1","16.2","1.0","3.0","0.4","25.7","1.2","33.2","1.1","93.9","0.9","58.9","1.4","(X)","(X)","14.8","1.3","85.2","1.3","(X)","(X)",
"0400000US12","Florida","15855982","32716","2768519","14135","3563302","18712","5122757","19148","4401404","9189","7678891","18721","8177091","19897","9898251","28092","2258578","18752","376148","9437","37402","3713","7974","2204","789025","28389","2488604","35468","3448439","28337","9243201","15792","489980","15583","941420","16953","4458010","43745","3314474","37818","1643629","27070","3169234","34843","1839235","25697","14424582","36025","5008469","44495","15525997","32927","1768968","28919","13757029","37658","64211","458","(X)","(X)","17.5","0.1","22.5","0.1","32.3","0.1","27.8","0.1","48.4","0.1","51.6","0.1","62.4","0.2","14.2","0.1","2.4","0.1","0.2","0.1","0.1","0.1","5.0","0.2","15.7","0.2","21.7","0.1","58.3","0.1","3.1","0.1","5.9","0.1","28.1","0.3","20.9","0.2","10.4","0.2","20.0","0.2","11.6","0.2","91.0","0.1","31.6","0.3","(X)","(X)","11.4","0.2","88.6","0.2","(X)","(X)",
"0400000US13","Georgia","7786111","14033","1681388","10236","1971458","14242","2579185","13805","1554080","5954","3721152","10556","4064959","8664","4420171","10742","2448678","17445","238506","7378","23067","3354","N","N","165649","11301","486578","17383","458303","10381","4334038","8705","217244","10334","573777","13085","2202403","25659","1687200","32640","634692","16299","1533519","30152","937276","22734","6995090","20583","2470795","34426","7562931","14002","900282","25910","6662649","27956","67096","745","(X)","(X)","21.6","0.1","25.3","0.2","33.1","0.2","20.0","0.1","47.8","0.1","52.2","0.1","56.8","0.2","31.4","0.2","3.1","0.1","0.3","0.1","N","N","2.1","0.1","6.2","0.2","5.9","0.1","55.7","0.1","2.8","0.1","7.4","0.2","28.3","0.3","21.7","0.4","8.2","0.2","19.7","0.4","12.0","0.3","89.8","0.2","31.7","0.4","(X)","(X)","11.9","0.3","88.1","0.3","(X)","(X)",
"0400000US15","Hawaii","1044019","6617","196482","2400","266397","3843","316533","3618","264607","3150","526988","4325","517031","3778","267647","3132","22258","1838","397968","8277","N","N","89317","4014","18640","2937","243996","9978","95731","1948","254158","2372","25572","2467","37386","3984","288593","9161","225808","7205","112444","5652","226182","6541","128034","4628","981061","7382","354216","7410","1015856","6670","103844","6735","912012","8743","86494","2098","(X)","(X)","18.8","0.2","25.5","0.3","30.3","0.3","25.3","0.3","50.5","0.2","49.5","0.2","25.6","0.3","2.1","0.2","38.1","0.8","N","N","8.6","0.4","1.8","0.3","23.4","0.9","9.2","0.2","24.3","0.3","2.4","0.2","3.6","0.4","27.6","0.8","21.6","0.7","10.8","0.5","21.7","0.6","12.3","0.5","94.0","0.4","33.9","0.7","(X)","(X)","10.2","0.7","89.8","0.7","(X)","(X)",
"0400000US16","Idaho","1373714","5586","280738","3894","359985","4499","423052","4042","309939","1781","684575","3445","689139","4344","1175845","8072","8805","1149","13927","2239","15718","2976","N","N","56239","5708","101791","7369","122533","4384","1150356","6697","28178","4210","78373","5374","395084","10986","346568","10280","135978","6523","261813","8937","127720","7120","1267163","7854","389533","11289","1350204","5604","140427","9514","1209777","10674","67050","1821","(X)","(X)","20.4","0.3","26.2","0.3","30.8","0.3","22.6","0.1","49.8","0.2","50.2","0.2","85.6","0.6","0.6","0.1","1.0","0.2","1.1","0.2","N","N","4.1","0.4","7.4","0.5","8.9","0.3","83.7","0.5","2.1","0.3","5.7","0.4","28.8","0.8","25.2","0.7","9.9","0.5","19.1","0.7","9.3","0.5","92.2","0.5","28.4","0.8","(X)","(X)","10.4","0.7","89.6","0.7","(X)","(X)",
"0400000US17","Illinois","9087338","18132","1858911","7759","2233381","10509","2964786","10120","2030260","5865","4422882","11348","4664456","10861","6134943","14864","1281252","8471","415120","7957","44644","5148","N","N","472350","17246","734933","18827","1148204","12790","5957417","11478","254850","10086","484096","12484","2355277","25317","2019068","19239","762531","15841","1991687","21211","1219829","17818","8348392","23244","3211516","22773","8846627","18124","933822","23311","7912805","25258","72901","655","(X)","(X)","20.5","0.1","24.6","0.1","32.6","0.1","22.3","0.1","48.7","0.1","51.3","0.1","67.5","0.2","14.1","0.1","4.6","0.1","0.5","0.1","N","N","5.2","0.2","8.1","0.2","12.6","0.1","65.6","0.1","2.8","0.1","5.3","0.1","25.9","0.3","22.2","0.2","8.4","0.2","21.9","0.2","13.4","0.2","91.9","0.2","35.3","0.2","(X)","(X)","10.6","0.3","89.4","0.3","(X)","(X)",
"0400000US18","Indiana","5030200","9036","1055283","5494","1228005","7568","1640213","5113","1106699","3537","2457902","6347","2572298","5698","4162371","5737","414764","7945","75317","4491","12326","2550","N","N","96428","7148","267856","9565","240073","5934","4115668","4828","142770","7845","318636","11150","1710659","18461","1088667","16920","432904","12367","881953","14143","454611","11803","4568794","14237","1336564","18272","4872718","8960","524345","13440","4348373","16028","62889","716","(X)","(X)","21.0","0.1","24.4","0.1","32.6","0.1","22.0","0.1","48.9","0.1","51.1","0.1","82.7","0.2","8.2","0.2","1.5","0.1","0.2","0.1","N","N","1.9","0.1","5.3","0.2","4.8","0.1","81.8","0.2","2.8","0.2","6.3","0.2","34.0","0.4","21.6","0.3","8.6","0.2","17.5","0.3","9.0","0.2","90.8","0.3","26.6","0.4","(X)","(X)","10.8","0.3","89.2","0.3","(X)","(X)",
"0400000US19","Iowa","2379570","5496","499484","3782","566720","4222","749863","4439","563503","2062","1177892","4087","1201678","3894","2117368","4475","68137","3642","37720","3114","8352","1262","1238","715","33302","3682","113453","5609","97615","3113","2093359","3842","47522","3729","103318","5310","725030","11000","554222","11250","278110","7933","468032","10704","203336","6937","2228730","8214","671368","11670","2301421","5490","240980","10797","2060441","12344","65735","770","(X)","(X)","21.0","0.1","23.8","0.2","31.5","0.2","23.7","0.1","49.5","0.1","50.5","0.1","89.0","0.2","2.9","0.2","1.6","0.1","0.4","0.1","0.1","0.1","1.4","0.2","4.8","0.2","4.1","0.1","88.0","0.2","2.0","0.2","4.3","0.2","30.5","0.5","23.3","0.5","11.7","0.3","19.7","0.4","8.5","0.3","93.7","0.3","28.2","0.5","(X)","(X)","10.5","0.5","89.5","0.5","(X)","(X)",
"0400000US20","Kansas","2128111","6524","455826","4135","520570","5497","666488","3951","485227","2315","1053177","5686","1074934","4223","1741872","6039","112471","3789","45638","3034","12761","1843","N","N","56132","4557","158685","6507","173038","4125","1696977","3820","45724","3579","105443","5230","562679","12226","528851","12142","186270","7707","449118","10290","250026","7334","1976944","8335","699144","11639","2062234","6530","225760","9063","1836474","11315","64510","1010","(X)","(X)","21.4","0.2","24.5","0.2","31.3","0.2","22.8","0.1","49.5","0.2","50.5","0.2","81.9","0.3","5.3","0.2","2.1","0.1","0.6","0.1","N","N","2.6","0.2","7.5","0.3","8.1","0.2","79.7","0.3","2.1","0.2","5.0","0.2","26.4","0.6","24.9","0.6","8.8","0.4","21.1","0.5","11.7","0.3","92.9","0.3","32.9","0.5","(X)","(X)","10.9","0.4","89.1","0.4","(X)","(X)",
"0400000US21","Kentucky","3405618","6780","683633","4811","828921","4739","1128758","4758","764306","2388","1661952","5194","1743666","3986","2953936","4585","230700","6081","30311","2124","6955","1315","N","N","26604","3677","154865","7145","67446","3304","2939067","4320","132543","6913","251197","9224","1144359","15108","723475","15586","296968","9401","520607","12639","336469","8784","3021878","13769","857076","16258","3298081","6778","485326","12959","2812755","14515","55825","742","(X)","(X)","20.1","0.1","24.3","0.1","33.1","0.1","22.4","0.1","48.8","0.1","51.2","0.1","86.7","0.2","6.8","0.2","0.9","0.1","0.2","0.1","N","N","0.8","0.1","4.5","0.2","2.0","0.1","86.3","0.2","3.9","0.2","7.4","0.3","33.6","0.4","21.2","0.5","8.7","0.3","15.3","0.4","9.9","0.3","88.7","0.3","25.2","0.5","(X)","(X)","14.7","0.4","85.3","0.4","(X)","(X)",
"0400000US22","Louisiana","3439830","7078","688363","5962","899156","7855","1092389","7030","759922","2936","1656382","5475","1783448","4409","2112470","5640","1056453","8375","46852","3564","15539","2079","N","N","34746","3783","170891","8206","114520","4547","2087366","5121","122460","7951","324966","10644","1156466","20703","779681","15143","218299","7362","545224","14292","292734","11080","2992404","15720","837958","17768","3335687","7132","572734","18993","2762953","18810","52204","784","(X)","(X)","20.0","0.2","26.1","0.2","31.8","0.2","22.1","0.1","48.2","0.1","51.8","0.1","61.4","0.2","30.7","0.2","1.4","0.1","0.5","0.1","N","N","1.0","0.1","5.0","0.2","3.3","0.1","60.7","0.2","3.6","0.2","9.4","0.3","33.6","0.6","22.7","0.4","6.3","0.2","15.9","0.4","8.5","0.3","87.0","0.4","24.4","0.5","(X)","(X)","17.2","0.6","82.8","0.6","(X)","(X)",
"0400000US23","Maine","1100974","2625","182002","1982","246316","1970","378701","2286","293955","1545","537607","2203","563367","2417","1017803","4324","10438","1335","10008","1126","N","N","N","N","7461","1684","51220","4410","16405","1021","1013191","4016","18055","2535","44796","3907","337161","9270","224216","7445","108453","5270","230021","8017","138272","6279","1038123","5867","368293","9507","1072962","2598","113446","7154","959516","7569","64941","1399","(X)","(X)","16.5","0.2","22.4","0.2","34.4","0.2","26.7","0.1","48.8","0.2","51.2","0.2","92.4","0.4","0.9","0.1","0.9","0.1","N","N","N","N","0.7","0.2","4.7","0.4","1.5","0.1","92.0","0.4","1.6","0.2","4.1","0.4","30.6","0.8","20.4","0.7","9.9","0.5","20.9","0.7","12.6","0.6","94.3","0.4","33.5","0.9","(X)","(X)","10.6","0.7","89.4","0.7","(X)","(X)",
"0400000US24","Maryland","4417293","12842","851054","6244","1093030","7918","1500213","6689","972996","3926","2111600","8366","2305693","8625","2431228","7362","1329014","11314","236208","6374","11901","2362","N","N","138335","7145","267839","10581","276838","7828","2389744","6590","91638","5066","233980","8806","1103365","16092","899864","14596","301452","9843","978076","16196","808918","13000","4091675","15299","1786994","18192","4299156","12839","374181","14443","3924975","18999","91212","1072","(X)","(X)","19.3","0.1","24.7","0.1","34.0","0.1","22.0","0.1","47.8","0.1","52.2","0.1","55.0","0.2","30.1","0.3","5.3","0.1","0.3","0.1","N","N","3.1","0.2","6.1","0.2","6.3","0.2","54.1","0.2","2.1","0.1","5.3","0.2","25.0","0.3","20.4","0.3","6.8","0.2","22.1","0.4","18.3","0.3","92.6","0.2","40.5","0.4","(X)","(X)","8.7","0.3","91.3","0.3","(X)","(X)",
"0400000US25","Massachusetts","5121488","14428","1055752","7169","1190699","9031","1702447","6645","1172590","3518","2459498","9070","2661990","8913","3930305","10932","306511","8617","259965","6444","9687","1965","N","N","213154","10515","400494","12125","477704","8295","3858291","10781","157359","7402","233446","8524","1209240","17074","899709","14319","376953","10845","1288660","17915","956121","14906","4730683","17235","2244781","21371","4923354","14604","452077","12077","4471277","18715","91469","1390","(X)","(X)","20.6","0.1","23.2","0.1","33.2","0.1","22.9","0.1","48.0","0.1","52.0","0.1","76.7","0.2","6.0","0.2","5.1","0.1","0.2","0.1","N","N","4.2","0.2","7.8","0.2","9.3","0.1","75.3","0.2","3.1","0.1","4.6","0.2","23.6","0.3","17.6","0.3","7.4","0.2","25.2","0.3","18.7","0.3","92.4","0.2","43.8","0.4","(X)","(X)","9.2","0.2","90.8","0.2","(X)","(X)",
"0400000US26","Michigan","7640514","8197","1528673","5194","1767384","5345","2544399","6209","1800058","3502","3741885","5495","3898629","4990","5939306","9060","998724","7565","165132","5724","35386","3104","N","N","103509","6524","396654","10742","301155","4385","5871163","8691","152818","6438","462152","10667","2269404","18612","1830650","19785","717094","13051","1387362","16905","821034","12957","7025544","14375","2208396","19769","7476835","8003","873423","17302","6603412","19052","63274","522","(X)","(X)","20.0","0.1","23.1","0.1","33.3","0.1","23.6","0.1","49.0","0.1","51.0","0.1","77.7","0.1","13.1","0.1","2.2","0.1","0.5","0.1","N","N","1.4","0.1","5.2","0.1","3.9","0.1","76.8","0.1","2.0","0.1","6.0","0.1","29.7","0.2","24.0","0.3","9.4","0.2","18.2","0.2","10.7","0.2","92.0","0.2","28.9","0.3","(X)","(X)","11.7","0.2","88.3","0.2","(X)","(X)",
"0400000US27","Minnesota","4221515","8621","824587","5069","1071390","6329","1376755","5507","948783","2521","2099079","6506","2122436","4858","3535388","6882","216478","5792","169267","5650","32744","2407","N","N","65941","5383","200613","7868","146501","4736","3505800","5862","76309","4272","158977","6464","1027529","14623","941272","13205","488265","10612","1031551","14090","497612","10975","3986229","10092","1529163","15537","4129739","8674","354873","9937","3774866","11684","78268","929","(X)","(X)","19.5","0.1","25.4","0.1","32.6","0.1","22.5","0.1","49.7","0.1","50.3","0.1","83.7","0.2","5.1","0.1","4.0","0.1","0.8","0.1","N","N","1.6","0.1","4.8","0.2","3.5","0.1","83.0","0.2","1.8","0.1","3.8","0.2","24.3","0.3","22.3","0.3","11.6","0.2","24.4","0.3","11.8","0.3","94.4","0.2","36.2","0.4","(X)","(X)","8.6","0.2","91.4","0.2","(X)","(X)",
"0400000US28","Mississippi","2226474","3606","457887","4887","550094","8927","723562","8791","494931","2850","1061407","3162","1165067","3030","1307122","3239","787684","6670","14328","1895","N","N","N","N","16316","3276","91258","6459","43787","3758","1298336","2573","87587","5016","204734","8937","678805","12060","519382","13528","229826","9542","324774","11377","181366","8088","1934153","10012","506140","13278","2152813","3483","358262","12267","1794551","12824","48843","1267","(X)","(X)","20.6","0.2","24.7","0.4","32.5","0.4","22.2","0.1","47.7","0.1","52.3","0.1","58.7","0.1","35.4","0.3","0.6","0.1","N","N","N","N","0.7","0.1","4.1","0.3","2.0","0.2","58.3","0.1","3.9","0.2","9.2","0.4","30.5","0.5","23.3","0.6","10.3","0.4","14.6","0.5","8.1","0.4","86.9","0.4","22.7","0.6","(X)","(X)","16.6","0.6","83.4","0.6","(X)","(X)",
"0400000US29","Missouri","4675531","6404","923494","4988","1154129","5898","1519939","4753","1077969","2586","2277424","5278","2398107","4660","3788425","9216","481485","5509","65236","3467","13266","2412","3449","1118","49609","4548","274061","10153","136422","4543","3757135","8255","102971","6073","293170","10763","1466969","18150","1055933","18178","384478","9586","870873","16144","501137","10882","4279390","13272","1372010","18625","4540144","6317","523672","13960","4016472","13820","61991","693","(X)","(X)","19.8","0.1","24.7","0.1","32.5","0.1","23.1","0.1","48.7","0.1","51.3","0.1","81.0","0.2","10.3","0.1","1.4","0.1","0.3","0.1","0.1","0.1","1.1","0.1","5.9","0.2","2.9","0.1","80.4","0.2","2.2","0.1","6.3","0.2","31.4","0.4","22.6","0.4","8.2","0.2","18.6","0.3","10.7","0.2","91.5","0.3","29.3","0.4","(X)","(X)","11.5","0.3","88.5","0.3","(X)","(X)",
"0400000US30","Montana","857649","2598","167452","2449","208735","2678","265391","2809","216071","1397","433797","2396","423852","1926","750444","3925","N","N","5504","1112","N","N","N","N","9841","1822","45113","4073","28138","1636","741739","3450","11518","1761","40833","3055","242975","6978","212884","6863","73557","4620","181716","6627","94166","4083","805298","4467","275882","8194","838859","2605","94323","5384","744536","6000","63339","1438","(X)","(X)","19.5","0.3","24.3","0.3","30.9","0.3","25.2","0.2","50.6","0.2","49.4","0.2","87.5","0.4","N","N","0.6","0.1","N","N","N","N","1.1","0.2","5.3","0.5","3.3","0.2","86.5","0.4","1.3","0.2","4.8","0.4","28.3","0.8","24.8","0.8","8.6","0.5","21.2","0.8","11.0","0.5","93.9","0.4","32.2","0.9","(X)","(X)","11.2","0.6","88.8","0.6","(X)","(X)",
"0400000US31","Nebraska","1411320","4406","298615","2561","352610","3202","441464","2781","318631","1648","700355","2992","710965","3201","1197220","2955","59732","2135","21939","2407","14178","1864","N","N","37902","3589","79755","4716","100495","3521","1177518","2546","29323","2706","64429","4118","367660","10097","342403","6593","148693","5561","305855","7311","152957","5578","1317568","5876","458812","9041","1370343","4595","134623","6157","1235720","7513","67607","1095","(X)","(X)","21.2","0.2","25.0","0.2","31.3","0.2","22.6","0.1","49.6","0.2","50.4","0.2","84.8","0.3","4.2","0.2","1.6","0.2","1.0","0.1","N","N","2.7","0.3","5.7","0.3","7.1","0.2","83.4","0.3","2.1","0.2","4.6","0.3","26.1","0.7","24.3","0.5","10.5","0.4","21.7","0.5","10.8","0.4","93.4","0.3","32.5","0.6","(X)","(X)","9.8","0.4","90.2","0.4","(X)","(X)",
"0400000US32","Nevada","2193360","10324","435132","3882","573818","7329","690539","6996","493871","3483","1100782","7232","1092578","5836","1262362","9099","207792","4287","183140","5153","27446","2616","15915","1215","190736","8797","305969","11531","479638","7802","1176759","5741","69846","5018","145924","7839","635718","16445","559790","15753","197088","7358","383935","12463","201059","7623","1977590","14109","584994","14019","2166948","10257","268004","11721","1898944","15178","67473","1213","(X)","(X)","19.8","0.2","26.2","0.3","31.5","0.3","22.5","0.2","50.2","0.2","49.8","0.2","57.6","0.4","9.5","0.2","8.3","0.2","1.3","0.1","0.7","0.1","8.7","0.4","13.9","0.5","21.9","0.3","53.7","0.3","3.2","0.2","6.7","0.4","29.0","0.7","25.5","0.7","9.0","0.3","17.5","0.6","9.2","0.4","90.2","0.5","26.7","0.6","(X)","(X)","12.4","0.5","87.6","0.5","(X)","(X)",
"0400000US33","New Hampshire","1103239","3724","204870","1958","246677","3301","387134","3246","264558","1969","547189","2728","556050","2144","999403","4122","12915","1841","20337","2137","N","N","N","N","13467","3023","56181","4558","37246","1653","993099","3931","18968","2946","43243","3499","304494","8575","222400","8531","104207","5340","254562","9556","155365","5901","1041028","5182","409927","10621","1069176","3659","71828","5152","997348","5747","88616","2123","(X)","(X)","18.6","0.2","22.4","0.3","35.1","0.3","24.0","0.2","49.6","0.1","50.4","0.1","90.6","0.5","1.2","0.2","1.8","0.2","N","N","N","N","1.2","0.3","5.1","0.4","3.4","0.1","90.0","0.4","1.7","0.3","3.9","0.3","27.6","0.8","20.2","0.8","9.4","0.5","23.1","0.9","14.1","0.5","94.4","0.4","37.2","1.0","(X)","(X)","6.7","0.5","93.3","0.5","(X)","(X)",
"0400000US34","New Jersey","6433068","21190","1206578","9566","1473064","11065","2256507","8310","1496919","4575","3119809","12897","3313259","12592","3993321","13394","858567","9144","497803","8661","14995","2206","N","N","443397","16430","622199","18458","1046035","12597","3854149","9316","178618","9429","289795","9785","1668898","19191","1179692","23295","464942","12654","1646280","23512","1004843","16518","5964655","23562","2651123","26281","6290768","21380","517629","14991","5773139","23306","91416","1059","(X)","(X)","18.8","0.1","22.9","0.1","35.1","0.1","23.3","0.1","48.5","0.1","51.5","0.1","62.1","0.2","13.3","0.1","7.7","0.1","0.2","0.1","N","N","6.9","0.2","9.7","0.3","16.3","0.2","59.9","0.2","2.8","0.1","4.5","0.2","25.9","0.3","18.3","0.3","7.2","0.2","25.6","0.3","15.6","0.3","92.7","0.2","41.2","0.4","(X)","(X)","8.2","0.2","91.8","0.2","(X)","(X)",
"0400000US35","New Mexico","1545938","7442","311860","3852","381474","6396","472086","5076","380518","3222","763690","6044","782248","4623","778214","10105","32070","3080","19796","1771","144715","4575","N","N","199651","11719","370293","14122","684505","7274","629177","3310","48409","4489","123362","6917","420036","11509","378366","11844","137890","6802","239762","8033","198113","6564","1374167","11027","437875","9659","1513779","7537","244198","12919","1269581","13935","55109","1453","(X)","(X)","20.2","0.2","24.7","0.4","30.5","0.3","24.6","0.2","49.4","0.3","50.6","0.3","50.3","0.6","2.1","0.2","1.3","0.1","9.4","0.3","N","N","12.9","0.8","24.0","0.9","44.3","0.3","40.7","0.3","3.1","0.3","8.0","0.4","27.2","0.7","24.5","0.7","8.9","0.4","15.5","0.5","12.8","0.4","88.9","0.5","28.3","0.6","(X)","(X)","16.1","0.8","83.9","0.8","(X)","(X)",
"0400000US36","New York","14109037","30912","2822867","11640","3396167","14971","4600168","16028","3289835","9800","6777199","19075","7331838","18424","8728110","18328","1995644","19341","979654","13272","65270","6236","6084","2073","1104925","28114","1229350","22844","2180612","21469","8458238","12629","554111","15844","811877","18328","3504154","30733","2514874","30164","1272460","19825","3144708","35416","2306853","28675","12743049","32693","5451561","38047","13706989","31365","1642267","25488","12064722","34716","75685","560","(X)","(X)","20.0","0.1","24.1","0.1","32.6","0.1","23.3","0.1","48.0","0.1","52.0","0.1","61.9","0.2","14.1","0.1","6.9","0.1","0.5","0.1","0.0","0.1","7.8","0.2","8.7","0.2","15.5","0.1","59.9","0.1","3.9","0.1","5.8","0.1","24.8","0.2","17.8","0.2","9.0","0.1","22.3","0.2","16.4","0.2","90.3","0.2","38.6","0.3","(X)","(X)","12.0","0.2","88.0","0.2","(X)","(X)",
"0400000US37","North Carolina","7808186","14487","1596563","8300","1850628","10648","2590223","11043","1770772","4763","3744703","10472","4063483","8415","5317974","10238","1614219","12381","162920","5078","81420","3866","N","N","177236","9471","450135","14372","403191","10181","5243244","8650","195449","8692","492078","12980","2051375","24533","1761444","22947","772957","18838","1626020","22645","908863","17168","7120659","20136","2534883","26127","7577855","14562","889515","23814","6688340","27733","62210","559","(X)","(X)","20.4","0.1","23.7","0.1","33.2","0.1","22.7","0.1","48.0","0.1","52.0","0.1","68.1","0.1","20.7","0.1","2.1","0.1","1.0","0.1","N","N","2.3","0.1","5.8","0.2","5.2","0.1","67.2","0.1","2.5","0.1","6.3","0.2","26.3","0.3","22.6","0.3","9.9","0.2","20.8","0.3","11.6","0.2","91.2","0.2","32.5","0.3","(X)","(X)","11.7","0.3","88.3","0.3","(X)","(X)",
"0400000US38","North Dakota","576588","2518","136920","3223","148211","3089","167883","2359","123574","968","297341","2280","279247","2108","500689","2248","11774","2024","4346","1100","N","N","N","N","8397","2644","26019","2781","20350","2142","496804","2062","13085","2171","24588","2837","153708","5135","140112","5564","78770","3777","121880","5513","44445","3743","538915","3622","166325","6526","556860","2529","61382","5366","495478","5550","66803","1883","(X)","(X)","23.7","0.6","25.7","0.5","29.1","0.4","21.4","0.2","51.6","0.3","48.4","0.3","86.8","0.5","2.0","0.3","0.8","0.2","N","N","N","N","1.5","0.5","4.5","0.5","3.5","0.4","86.2","0.5","2.3","0.4","4.3","0.5","26.7","0.9","24.3","1.0","13.7","0.7","21.1","1.0","7.7","0.6","93.5","0.6","28.8","1.1","(X)","(X)","11.0","1.0","89.0","1.0","(X)","(X)",
"0400000US39","Ohio","8943128","9887","1763267","7286","2134594","7685","2959749","6532","2085518","4190","4348176","7186","4594952","6091","7252825","8929","1003402","10765","139158","5415","14365","2341","N","N","101609","6981","427698","13461","269596","4909","7197498","7981","207822","8896","536844","13145","3010831","25485","1898071","23349","759306","15187","1612518","20870","917736","17868","8198462","17267","2530254","26410","8683829","9890","1022816","21983","7661013","25136","62327","474","(X)","(X)","19.7","0.1","23.9","0.1","33.1","0.1","23.3","0.1","48.6","0.1","51.4","0.1","81.1","0.1","11.2","0.1","1.6","0.1","0.2","0.1","N","N","1.1","0.1","4.8","0.1","3.0","0.1","80.5","0.1","2.3","0.1","6.0","0.1","33.7","0.3","21.2","0.3","8.5","0.2","18.0","0.2","10.3","0.2","91.7","0.2","28.3","0.3","(X)","(X)","11.8","0.3","88.2","0.3","(X)","(X)",
"0400000US40","Oklahoma","2903864","5605","621050","4137","746333","4471","898990","3941","637491","2071","1423981","4252","1479883","3888","2062700","5188","203674","4555","50237","2967","208254","4568","2484","957","64049","4511","312466","7948","204481","4160","2014687","3546","76174","4767","228546","7107","936483","13578","690078","11744","230212","7398","498431","11771","243940","8063","2599144","9544","742371","13246","2814693","5628","381382","9712","2433311","11075","56270","640","(X)","(X)","21.4","0.1","25.7","0.1","31.0","0.1","22.0","0.1","49.0","0.1","51.0","0.1","71.0","0.2","7.0","0.2","1.7","0.1","7.2","0.2","0.1","0.1","2.2","0.2","10.8","0.3","7.0","0.1","69.4","0.2","2.6","0.2","7.9","0.2","32.2","0.5","23.8","0.4","7.9","0.3","17.2","0.4","8.4","0.3","89.5","0.3","25.6","0.5","(X)","(X)","13.5","0.3","86.5","0.3","(X)","(X)",
"0400000US41","Oregon","3200314","8473","608600","4117","828951","5294","987310","6286","775453","3182","1577129","5608","1623185","5944","2576179","7220","56665","3015","115589","4502","37033","4126","8198","1441","109411","7250","297239","8727","296852","6343","2512224","6465","60282","4619","166850","6588","751740","14152","844657","14708","286306","10401","690259","15019","400220","12185","2973182","11552","1090479","16707","3143669","8474","363733","11252","2779936","13953","72070","1100","(X)","(X)","19.0","0.1","25.9","0.1","30.9","0.2","24.2","0.1","49.3","0.1","50.7","0.1","80.5","0.2","1.8","0.1","3.6","0.1","1.2","0.1","0.3","0.1","3.4","0.2","9.3","0.3","9.3","0.2","78.5","0.3","1.9","0.1","5.2","0.2","23.5","0.4","26.4","0.5","8.9","0.3","21.6","0.5","12.5","0.4","92.9","0.3","34.1","0.5","(X)","(X)","11.6","0.4","88.4","0.4","(X)","(X)",
"0400000US42","Pennsylvania","9918163","15962","1869629","7293","2329111","9827","3286601","7844","2432822","4440","4835481","10347","5082682","8634","7885086","11296","992554","9986","247962","6840","15006","2599","N","N","277320","11426","496372","13798","593301","9164","7783551","10116","232265","8820","550799","13457","3376424","28775","1731971","23038","840059","13861","1963721","19160","1222924","16149","9135099","23093","3186645","24235","9577289","16003","1014426","18323","8562863","23627","69093","505","(X)","(X)","18.9","0.1","23.5","0.1","33.1","0.1","24.5","0.1","48.8","0.1","51.2","0.1","79.5","0.1","10.0","0.1","2.5","0.1","0.2","0.1","N","N","2.8","0.1","5.0","0.1","6.0","0.1","78.5","0.1","2.3","0.1","5.6","0.1","34.0","0.3","17.5","0.2","8.5","0.1","19.8","0.2","12.3","0.2","92.1","0.2","32.1","0.2","(X)","(X)","10.6","0.2","89.4","0.2","(X)","(X)",
"0400000US44","Rhode Island","827415","5582","170401","2786","191535","3312","271408","3101","194071","1910","399258","3947","428157","3901","645030","4197","35603","3644","18509","1714","N","N","N","N","49569","5099","75456","6197","97751","3900","632987","3080","24446","2287","51436","3674","233325","7480","167169","7528","63253","3895","172041","7213","115745","5461","751533","7510","287786","8338","791811","5542","80308","6193","711503","7235","75424","2447","(X)","(X)","20.6","0.3","23.1","0.3","32.8","0.3","23.5","0.3","48.3","0.3","51.7","0.3","78.0","0.6","4.3","0.4","2.2","0.2","N","N","N","N","6.0","0.6","9.1","0.7","11.8","0.4","76.5","0.6","3.0","0.3","6.2","0.4","28.2","0.9","20.2","0.9","7.6","0.5","20.8","0.9","14.0","0.7","90.8","0.5","34.8","1.0","(X)","(X)","10.1","0.8","89.9","0.8","(X)","(X)",
"0400000US45","South Carolina","3940745","6658","769213","3600","927880","7592","1284979","6600","958673","3102","1882964","4600","2057781","4859","2664287","5577","983520","7090","48537","2825","9688","1968","N","N","54772","5920","178099","9096","133620","5001","2636534","4552","96955","6624","297397","12061","1154329","18090","850223","18050","385009","12253","737155","16199","419677","11331","3546393","15379","1156832","20351","3834145","6793","492977","15602","3341168","16123","59546","845","(X)","(X)","19.5","0.1","23.5","0.2","32.6","0.2","24.3","0.1","47.8","0.1","52.2","0.1","67.6","0.2","25.0","0.2","1.2","0.1","0.2","0.1","N","N","1.4","0.1","4.5","0.2","3.4","0.1","66.9","0.2","2.5","0.2","7.5","0.3","29.3","0.5","21.6","0.5","9.8","0.3","18.7","0.4","10.6","0.3","90.0","0.4","29.4","0.5","(X)","(X)","12.9","0.4","87.1","0.4","(X)","(X)",
"0400000US46","South Dakota","659768","2185","133300","1741","162930","2612","206349","2242","157189","1133","331598","1947","328170","1619","564787","2174","9703","1484","4944","1003","N","N","N","N","6464","1502","27791","2810","18088","1115","560845","1867","14123","2043","35990","2906","196788","6408","144014","6457","78319","5011","133106","5253","57428","4383","609655","3969","190534","6649","636944","2173","71762","4093","565182","5005","66351","2226","(X)","(X)","20.2","0.3","24.7","0.4","31.3","0.3","23.8","0.2","50.3","0.2","49.7","0.2","85.6","0.4","1.5","0.2","0.7","0.2","N","N","N","N","1.0","0.2","4.2","0.4","2.7","0.2","85.0","0.4","2.1","0.3","5.5","0.4","29.8","1.0","21.8","1.0","11.9","0.8","20.2","0.8","8.7","0.7","92.4","0.5","28.9","1.0","(X)","(X)","11.3","0.7","88.7","0.7","(X)","(X)",
"0400000US47","Tennessee","5248512","9737","1055553","6817","1278771","7369","1737603","7429","1176585","3503","2530341","6660","2718171","7415","4066716","8817","802156","7613","59803","3832","10719","1488","N","N","58748","6111","246094","10799","149325","7166","4033994","7338","152389","6923","342178","10914","1694311","18171","1165920","18649","400718","12002","967659","16349","525337","12335","4753945","13439","1492996","19462","5118083","9865","622133","15905","4495950","18383","59979","748","(X)","(X)","20.1","0.1","24.4","0.1","33.1","0.1","22.4","0.1","48.2","0.1","51.8","0.1","77.5","0.2","15.3","0.1","1.1","0.1","0.2","0.1","N","N","1.1","0.1","4.7","0.2","2.8","0.1","76.9","0.2","2.9","0.1","6.5","0.2","32.3","0.4","22.2","0.4","7.6","0.2","18.4","0.3","10.0","0.2","90.6","0.2","28.4","0.4","(X)","(X)","12.2","0.3","87.8","0.3","(X)","(X)",
"0400000US48","Texas","19375866","42641","4422269","17207","5225154","27374","6070495","20224","3657948","11154","9539693","26205","9836173","22079","10674262","38447","2500384","19684","817226","16840","130217","9637","18704","2988","1503960","36670","3731113","51324","6178951","35929","9250915","15553","765222","20507","1289130","23709","5146350","44714","4567119","44399","1502749","28504","4041817","38192","2063479","29824","17321514","47408","6105296","44534","18897047","41829","2151840","37671","16745207","54401","69494","624","(X)","(X)","22.8","0.1","27.0","0.1","31.3","0.1","18.9","0.1","49.2","0.1","50.8","0.1","55.1","0.2","12.9","0.1","4.2","0.1","0.7","0.1","0.1","0.1","7.8","0.2","19.3","0.3","31.9","0.1","47.7","0.1","3.9","0.1","6.7","0.1","26.6","0.2","23.6","0.2","7.8","0.1","20.9","0.2","10.6","0.2","89.4","0.2","31.5","0.2","(X)","(X)","11.4","0.2","88.6","0.2","(X)","(X)",
"0400000US49","Utah","2251328","7533","600898","4614","643668","5497","625887","4507","380875","2192","1127660","5163","1123668","4901","1906034","6665","20725","2240","46514","3268","21148","2711","17121","2209","81360","7327","158426","7396","226702","5478","1850372","4504","34907","3568","106476","5988","537706","12586","624929","12019","211749","7196","489621","10949","245940","8803","2109945","9344","735561","14503","2215843","7460","189803","12178","2026040","13859","80516","1124","(X)","(X)","26.7","0.2","28.6","0.2","27.8","0.2","16.9","0.1","50.1","0.1","49.9","0.1","84.7","0.4","0.9","0.1","2.1","0.1","0.9","0.1","0.8","0.1","3.6","0.3","7.0","0.3","10.1","0.2","82.2","0.3","1.6","0.2","4.7","0.3","23.9","0.5","27.8","0.6","9.4","0.3","21.7","0.5","10.9","0.4","93.7","0.3","32.7","0.6","(X)","(X)","8.6","0.5","91.4","0.5","(X)","(X)",
"0400000US50","Vermont","518387","1853","101784","1328","114020","1157","171218","1240","131365","1099","255710","1446","262677","1312","482109","2107","4903","797","5356","1190","N","N","N","N","N","N","21861","2223","9485","590","479780","2064","7635","1145","22345","2886","139640","4782","98986","4688","39605","2886","127286","5434","82890","4129","488407","3589","210176","6175","496527","1708","50073","3862","446454","4307","72596","2180","(X)","(X)","19.6","0.2","22.0","0.2","33.0","0.2","25.3","0.2","49.3","0.2","50.7","0.2","93.0","0.4","0.9","0.2","1.0","0.2","N","N","N","N","N","N","4.2","0.4","1.8","0.1","92.6","0.4","1.5","0.2","4.3","0.6","26.9","0.9","19.1","0.9","7.6","0.6","24.6","1.0","16.0","0.8","94.2","0.6","40.5","1.2","(X)","(X)","10.1","0.8","89.9","0.8","(X)","(X)",
"0400000US51","Virginia","6354439","12921","1302704","7809","1587575","9305","2085631","9810","1378529","4829","3104501","8752","3249938","7682","4189514","10064","1205750","10507","350102","8063","22890","3947","N","N","139889","7838","440783","14245","410272","8793","4115423","8202","155992","7451","322121","9434","1620065","21929","1329246","22766","474065","11767","1425934","19668","1027016","15615","5876326","16630","2452950","25166","6144491","13051","550224","16449","5594267","20870","81265","722","(X)","(X)","20.5","0.1","25.0","0.1","32.8","0.1","21.7","0.1","48.9","0.1","51.1","0.1","65.9","0.2","19.0","0.2","5.5","0.1","0.4","0.1","N","N","2.2","0.1","6.9","0.2","6.5","0.1","64.8","0.2","2.5","0.1","5.1","0.1","25.5","0.3","20.9","0.4","7.5","0.2","22.4","0.3","16.2","0.2","92.5","0.2","38.6","0.4","(X)","(X)","9.0","0.3","91.0","0.3","(X)","(X)",
"0400000US53","Washington","5529508","13183","1109720","7545","1471728","8739","1736960","6336","1211100","4396","2766294","9598","2763214","7442","4117008","9863","208851","5363","395856","7936","65485","3884","32101","2991","197484","9205","512723","11767","480091","8810","4020792","8280","109299","6468","248981","9584","1296115","22745","1317157","17619","576298","13869","1270115","17956","711543","14058","5171228","16471","1981658","20886","5425854","13206","488350","13797","4937504","20648","84276","856","(X)","(X)","20.1","0.1","26.6","0.1","31.4","0.1","21.9","0.1","50.0","0.1","50.0","0.1","74.5","0.2","3.8","0.1","7.2","0.1","1.2","0.1","0.6","0.1","3.6","0.2","9.3","0.2","8.7","0.1","72.7","0.2","2.0","0.1","4.5","0.2","23.4","0.4","23.8","0.3","10.4","0.3","23.0","0.3","12.9","0.3","93.5","0.2","35.8","0.4","(X)","(X)","9.0","0.3","91.0","0.3","(X)","(X)",
"0400000US54","West Virginia","1408767","2989","252657","2702","319324","2975","469461","3163","367325","2005","694950","2365","713817","2392","1299298","3877","41704","2842","6705","1277","N","N","N","N","5146","1201","53569","4602","15868","1902","1295568","3722","42190","4121","114357","6310","560264","10466","270025","9800","106950","6324","191085","7728","123896","6728","1252220","8222","314981","10276","1370127","2950","216712","10236","1153415","10940","51340","1115","(X)","(X)","17.9","0.2","22.7","0.2","33.3","0.2","26.1","0.1","49.3","0.1","50.7","0.1","92.2","0.3","3.0","0.2","0.5","0.1","N","N","N","N","0.4","0.1","3.8","0.3","1.1","0.1","92.0","0.3","3.0","0.3","8.1","0.4","39.8","0.7","19.2","0.7","7.6","0.4","13.6","0.5","8.8","0.5","88.9","0.5","22.4","0.7","(X)","(X)","15.8","0.8","84.2","0.8","(X)","(X)",
"0400000US55","Wisconsin","4480576","6939","884719","4191","1054501","5315","1494887","4878","1046469","2411","2226041","4368","2254535","4870","3821065","7070","245141","4394","92700","3431","29694","2600","N","N","69812","4880","221620","7772","204175","5117","3780260","5716","82885","4675","204662","6768","1382585","15960","968528","15880","483458","10313","922112","15449","436346","9690","4193029","11126","1358458","17530","4362889","6865","432163","10353","3930726","12539","67347","643","(X)","(X)","19.7","0.1","23.5","0.1","33.4","0.1","23.4","0.1","49.7","0.1","50.3","0.1","85.3","0.2","5.5","0.1","2.1","0.1","0.7","0.1","N","N","1.6","0.1","4.9","0.2","4.6","0.1","84.4","0.2","1.8","0.1","4.6","0.2","30.9","0.3","21.6","0.3","10.8","0.2","20.6","0.3","9.7","0.2","93.6","0.2","30.3","0.4","(X)","(X)","9.9","0.2","90.1","0.2","(X)","(X)",
"0400000US56","Wyoming","436049","1775","84486","1821","110604","2381","137466","2151","103493","1322","221939","1905","214110","1645","383135","2483","N","N","2652","718","N","N","N","N","9538","1927","29885","2391","34466","1519","372031","1896","5847","1227","21895","2856","123672","6281","114773","5602","51848","4240","76496","4957","41518","3953","408307","3279","118014","6746","425770","1795","44899","4328","380871","4526","65130","2921","(X)","(X)","19.4","0.4","25.4","0.5","31.5","0.5","23.7","0.3","50.9","0.4","49.1","0.4","87.9","0.6","N","N","0.6","0.2","N","N","N","N","2.2","0.4","6.9","0.5","7.9","0.3","85.3","0.6","1.3","0.3","5.0","0.7","28.4","1.4","26.3","1.3","11.9","1.0","17.5","1.2","9.5","0.9","93.6","0.7","27.1","1.6","(X)","(X)","10.5","1.0","89.5","1.0","(X)","(X)",
"0400000US72","Puerto Rico","2674230","5344","515864","2502","584268","3638","841734","3706","732364","1883","1246100","3259","1428130","3088","756884","17757","163153","13312","N","N","N","N","N","N","773183","21885","970913","22154","2654869","6421","11777","1977","304089","10438","190984","7916","750460","14745","424793","10987","298270","10387","517329","13005","188305","7040","2179157","14063","705634","14752","2651315","5300","992929","23320","1658386","23507","22317","486","(X)","(X)","19.3","0.1","21.8","0.1","31.5","0.1","27.4","0.1","46.6","0.1","53.4","0.1","28.3","0.7","6.1","0.5","N","N","N","N","N","N","28.9","0.8","36.3","0.8","99.3","0.1","0.4","0.1","11.4","0.4","7.1","0.3","28.1","0.5","15.9","0.4","11.2","0.4","19.3","0.5","7.0","0.3","81.5","0.5","26.4","0.5","(X)","(X)","37.5","0.9","62.5","0.9","(X)","(X)",
