Label (Grouping),Alabama!!Total!!Estimate,Alabama!!Total!!Margin of Error,Alabama!!Percent!!Estimate,Alabama!!Percent!!Margin of Error,Alaska!!Total!!Estimate,Alaska!!Total!!Margin of Error,Alaska!!Percent!!Estimate,Alaska!!Percent!!Margin of Error,Arizona!!Total!!Estimate,Arizona!!Total!!Margin of Error,Arizona!!Percent!!Estimate,Arizona!!Percent!!Margin of Error,Arkansas!!Total!!Estimate,Arkansas!!Total!!Margin of Error,Arkansas!!Percent!!Estimate,Arkansas!!Percent!!Margin of Error,California!!Total!!Estimate,California!!Total!!Margin of Error,California!!Percent!!Estimate,California!!Percent!!Margin of Error,Colorado!!Total!!Estimate,Colorado!!Total!!Margin of Error,Colorado!!Percent!!Estimate,Colorado!!Percent!!Margin of Error,Connecticut!!Total!!Estimate,Connecticut!!Total!!Margin of Error,Connecticut!!Percent!!Estimate,Connecticut!!Percent!!Margin of Error,Delaware!!Total!!Estimate,Delaware!!Total!!Margin of Error,Delaware!!Percent!!Estimate,Delaware!!Percent!!Margin of Error,District of Columbia!!Total!!Estimate,District of Columbia!!Total!!Margin of Error,District of Columbia!!Percent!!Estimate,District of Columbia!!Percent!!Margin of Error,Florida!!Total!!Estimate,Florida!!Total!!Margin of Error,Florida!!Percent!!Estimate,Florida!!Percent!!Margin of Error,Georgia!!Total!!Estimate,Georgia!!Total!!Margin of Error,Georgia!!Percent!!Estimate,Georgia!!Percent!!Margin of Error,Hawaii!!Total!!Estimate,Hawaii!!Total!!Margin of Error,Hawaii!!Percent!!Estimate,Hawaii!!Percent!!Margin of Error,Idaho!!Total!!Estimate,Idaho!!Total!!Margin of Error,Idaho!!Percent!!Estimate,Idaho!!Percent!!Margin of Error,Illinois!!Total!!Estimate,Illinois!!Total!!Margin of Error,Illinois!!Percent!!Estimate,Illinois!!Percent!!Margin of Error,Indiana!!Total!!Estimate,Indiana!!Total!!Margin of Error,Indiana!!Percent!!Estimate,Indiana!!Percent!!Margin of Error,Iowa!!Total!!Estimate,Iowa!!Total!!Margin of Error,Iowa!!Percent!!Estimate,Iowa!!Percent!!Margin of Error,Kansas!!Total!!Estimate,Kansas!!Total!!Margin of Error,Kansas!!Percent!!Estimate,Kansas!!Percent!!Margin of Error,Kentucky!!Total!!Estimate,Kentucky!!Total!!Margin of Error,Kentucky!!Percent!!Estimate,Kentucky!!Percent!!Margin of Error,Louisiana!!Total!!Estimate,Louisiana!!Total!!Margin of Error,Louisiana!!Percent!!Estimate,Louisiana!!Percent!!Margin of Error,Louisiana!!Percent Female!!Estimate,Louisiana!!Percent Female!!Margin of Error,Maine!!Total!!Estimate,Maine!!Total!!Margin of Error,Maine!!Percent!!Estimate,Maine!!Percent!!Margin of Error,Maryland!!Total!!Estimate,Maryland!!Total!!Margin of Error,Maryland!!Percent!!Estimate,Maryland!!Percent!!Margin of Error,Massachusetts!!Total!!Estimate,Massachusetts!!Total!!Margin of Error,Massachusetts!!Percent!!Estimate,Massachusetts!!Percent!!Margin of Error,Michigan!!Total!!Estimate,Michigan!!Total!!Margin of Error,Michigan!!Percent!!Estimate,Michigan!!Percent!!Margin of Error,Minnesota!!Total!!Estimate,Minnesota!!Total!!Margin of Error,Minnesota!!Percent!!Estimate,Minnesota!!Percent!!Margin of Error,Mississippi!!Total!!Estimate,Mississippi!!Total!!Margin of Error,Mississippi!!Percent!!Estimate,Mississippi!!Percent!!Margin of Error,Missouri!!Total!!Estimate,Missouri!!Total!!Margin of Error,Missouri!!Percent!!Estimate,Missouri!!Percent!!Margin of Error,Montana!!Total!!Estimate,Montana!!Total!!Margin of Error,Montana!!Percent!!Estimate,Montana!!Percent!!Margin of Error,Nebraska!!Total!!Estimate,Nebraska!!Total!!Margin of Error,Nebraska!!Percent!!Estimate,Nebraska!!Percent!!Margin of Error,Nevada!!Total!!Estimate,Nevada!!Total!!Margin of Error,Nevada!!Percent!!Estimate,Nevada!!Percent!!Margin of Error,New Hampshire!!Total!!Estimate,New Hampshire!!Total!!Margin of Error,New Hampshire!!Percent!!Estimate,New Hampshire!!Percent!!Margin of Error,New Jersey!!Total!!Estimate,New Jersey!!Total!!Margin of Error,New Jersey!!Percent!!Estimate,New Jersey!!Percent!!Margin of Error,New Mexico!!Total!!Estimate,New Mexico!!Total!!Margin of Error,New Mexico!!Percent!!Estimate,New Mexico!!Percent!!Margin of Error,New York!!Total!!Estimate,New York!!Total!!Margin of Error,New York!!Percent!!Estimate,New York!!Percent!!Margin of Error,North Carolina!!Total!!Estimate,North Carolina!!Total!!Margin of Error,North Carolina!!Percent!!Estimate,North Carolina!!Percent!!Margin of Error,North Dakota!!Total!!Estimate,North Dakota!!Total!!Margin of Error,North Dakota!!Percent!!Estimate,North Dakota!!Percent!!Margin of Error,Ohio!!Total!!Estimate,Ohio!!Total!!Margin of Error,Ohio!!Percent!!Estimate,Ohio!!Percent!!Margin of Error,Oklahoma!!Total!!Estimate,Oklahoma!!Total!!Margin of Error,Oklahoma!!Percent!!Estimate,Oklahoma!!Percent!!Margin of Error,Oregon!!Total!!Estimate,Oregon!!Total!!Margin of Error,Oregon!!Percent!!Estimate,Oregon!!Percent!!Margin of Error,Pennsylvania!!Total!!Estimate,Pennsylvania!!Total!!Margin of Error,Pennsylvania!!Percent!!Estimate,Pennsylvania!!Percent!!Margin of Error,Rhode Island!!Total!!Estimate,Rhode Island!!Total!!Margin of Error,Rhode Island!!Percent!!Estimate,Rhode Island!!Percent!!Margin of Error,South Carolina!!Total!!Estimate,South Carolina!!Total!!Margin of Error,South Carolina!!Percent!!Estimate,South Carolina!!Percent!!Margin of Error,South Dakota!!Total!!Estimate,South Dakota!!Total!!Margin of Error,South Dakota!!Percent!!Estimate,South Dakota!!Percent!!Margin of Error,Tennessee!!Total!!Estimate,Tennessee!!Total!!Margin of Error,Tennessee!!Percent!!Estimate,Tennessee!!Percent!!Margin of Error,Texas!!Total!!Estimate,Texas!!Total!!Margin of Error,Texas!!Percent!!Estimate,Texas!!Percent!!Margin of Error,Utah!!Total!!Estimate,Utah!!Total!!Margin of Error,Utah!!Percent!!Estimate,Utah!!Percent!!Margin of Error,Vermont!!Total!!Estimate,Vermont!!Total!!Margin of Error,Vermont!!Percent!!Estimate,Vermont!!Percent!!Margin of Error,Virginia!!Total!!Estimate,Virginia!!Total!!Margin of Error,Virginia!!Percent!!Estimate,Virginia!!Percent!!Margin of Error,Washington!!Total!!Estimate,Washington!!Total!!Margin of Error,Washington!!Percent!!Estimate,Washington!!Percent!!Margin of Error,West Virginia!!Total!!Estimate,West Virginia!!Total!!Margin of Error,West Virginia!!Percent!!Estimate,West Virginia!!Percent!!Margin of Error,Wisconsin!!Total!!Estimate,Wisconsin!!Total!!Margin of Error,Wisconsin!!Percent!!Estimate,Wisconsin!!Percent!!Margin of Error,Wyoming!!Total!!Estimate,Wyoming!!Total!!Margin of Error,Wyoming!!Percent!!Estimate,Wyoming!!Percent!!Margin of Error,Puerto Rico!!Total!!Estimate,Puerto Rico!!Total!!Margin of Error,Puerto Rico!!Percent!!Estimate,Puerto Rico!!Percent!!Margin of Error
Total population,"5,108,468",*****,(X),(X),"733,406",*****,(X),(X),"7,431,344",*****,(X),(X),"3,067,732",*****,(X),(X),"38,965,193",*****,(X),(X),"5,877,610",*****,(X),(X),"3,617,176",*****,(X),(X),"1,031,890",*****,(X),(X),"678,972",*****,(X),(X),"22,610,726",*****,(X),(X),"11,029,227",*****,(X),(X),"1,435,138",*****,(X),(X),"1,964,726",*****,(X),(X),"12,549,689",*****,(X),(X),"6,862,199",*****,(X),(X),"3,207,004",*****,(X),(X),"2,940,547",*****,(X),(X),"4,526,154",*****,(X),(X),"4,573,749",*****,(X),(X),(X),(X),"1,395,722",*****,(X),(X),"6,180,253",*****,(X),(X),"7,001,399",*****,(X),(X),"10,037,261",*****,(X),(X),"5,737,915",*****,(X),(X),"2,939,690",*****,(X),(X),"6,196,156",*****,(X),(X),"1,132,812",*****,(X),(X),"1,978,379",*****,(X),(X),"3,194,176",*****,(X),(X),"1,402,054",*****,(X),(X),"9,290,841",*****,(X),(X),"2,114,371",*****,(X),(X),"19,571,216",*****,(X),(X),"10,835,491",*****,(X),(X),"783,926",*****,(X),(X),"11,785,935",*****,(X),(X),"4,053,824",*****,(X),(X),"4,233,358",*****,(X),(X),"12,961,683",*****,(X),(X),"1,095,962",*****,(X),(X),"5,373,555",*****,(X),(X),"919,318",*****,(X),(X),"7,126,489",*****,(X),(X),"30,503,301",*****,(X),(X),"3,417,734",*****,(X),(X),"647,464",*****,(X),(X),"8,715,698",*****,(X),(X),"7,812,880",*****,(X),(X),"1,770,071",*****,(X),(X),"5,910,955",*****,(X),(X),"584,057",*****,(X),(X),"3,205,691",*****,(X),(X)
    AGE,,,,,,,,,,,,,,,,,,,,,,,,,,,,,,,,,,,,,,,,,,,,,,,,,,,,,,,,,,,,,,,,,,,,,,,,,,,,,,,,,,,,,,,,,,,,,,,,,,,,,,,,,,,,,,,,,,,,,,,,,,,,,,,,,,,,,,,,,,,,,,,,,,,,,,,,,,,,,,,,,,,,,,,,,,,,,,,,,,,,,,,,,,,,,,,,,,,,,,,,,,,,,,,,,,
        Under 5 years,"288,019","±3,288",5.60%,±0.1,"45,211","±1,366",6.20%,±0.2,"391,142","±1,573",5.30%,±0.1,"176,908","±2,503",5.80%,±0.1,"2,086,820","±3,832",5.40%,±0.1,"303,775","±2,170",5.20%,±0.1,"180,561",±829,5.00%,±0.1,"54,398",±312,5.30%,±0.1,"38,512",±5,5.70%,±0.1,"1,122,270","±3,580",5.00%,±0.1,"621,750","±5,911",5.60%,±0.1,"77,420",±609,5.40%,±0.1,"110,908","±1,743",5.60%,±0.1,"661,026","±2,797",5.30%,±0.1,"401,558","±3,340",5.90%,±0.1,"182,063","±2,132",5.70%,±0.1,"169,830","±1,436",5.80%,±0.1,"264,633","±2,731",5.80%,±0.1,"275,636","±3,605",6.00%,±0.1,5.70%,±0.2,"59,898","±1,386",4.30%,±0.1,"346,836","±1,762",5.60%,±0.1,"342,145","±1,353",4.90%,±0.1,"529,459","±2,559",5.30%,±0.1,"326,995","±2,524",5.70%,±0.1,"167,015","±3,626",5.70%,±0.1,"348,416","±2,694",5.60%,±0.1,"55,363","±1,326",4.90%,±0.1,"120,499","±1,892",6.10%,±0.1,"171,163","±1,424",5.40%,±0.1,"62,779","±1,129",4.50%,±0.1,"518,528","±1,910",5.60%,±0.1,"104,293","±2,001",4.90%,±0.1,"1,035,708","±2,389",5.30%,±0.1,"594,739","±4,846",5.50%,±0.1,"46,488","±1,848",5.90%,±0.2,"654,683","±3,430",5.60%,±0.1,"239,611","±2,156",5.90%,±0.1,"198,150","±1,847",4.70%,±0.1,"663,339","±2,396",5.10%,±0.1,"52,718",±813,4.80%,±0.1,"285,830","±2,957",5.30%,±0.1,"54,886","±1,016",6.00%,±0.1,"411,032","±3,780",5.80%,±0.1,"1,913,591","±5,284",6.30%,±0.1,"229,881","±1,715",6.70%,±0.1,"27,168","±1,204",4.20%,±0.2,"476,744","±3,837",5.50%,±0.1,"417,322","±2,356",5.30%,±0.1,"87,453","±1,471",4.90%,±0.1,"307,874","±2,354",5.20%,±0.1,"30,651","±1,469",5.20%,±0.3,"94,391","±2,144",2.90%,±0.1
        5 to 9 years,"305,731","±8,991",6.00%,±0.2,"48,763","±2,570",6.60%,±0.4,"435,723","±9,679",5.90%,±0.1,"196,519","±7,085",6.40%,±0.2,"2,243,195","±20,165",5.80%,±0.1,"316,028","±8,614",5.40%,±0.1,"196,179","±6,410",5.40%,±0.2,"55,381","±3,692",5.40%,±0.4,"36,388","±3,956",5.40%,±0.6,"1,186,629","±17,350",5.20%,±0.1,"688,835","±12,020",6.20%,±0.1,"80,863","±3,533",5.60%,±0.2,"127,279","±4,828",6.50%,±0.2,"753,268","±15,742",6.00%,±0.1,"439,600","±9,147",6.40%,±0.1,"200,296","±5,928",6.20%,±0.2,"182,863","±5,629",6.20%,±0.2,"278,400","±7,333",6.20%,±0.2,"296,496","±8,057",6.50%,±0.2,6.20%,±0.2,"66,379","±3,867",4.80%,±0.3,"375,815","±8,348",6.10%,±0.1,"363,038","±9,500",5.20%,±0.1,"581,280","±9,619",5.80%,±0.1,"348,596","±7,136",6.10%,±0.1,"177,103","±7,017",6.00%,±0.2,"379,249","±8,249",6.10%,±0.1,"68,047","±3,816",6.00%,±0.3,"130,577","±4,399",6.60%,±0.2,"190,758","±5,732",6.00%,±0.2,"64,759","±3,477",4.60%,±0.2,"538,462","±11,718",5.80%,±0.1,"117,174","±6,194",5.50%,±0.3,"1,060,854","±14,495",5.40%,±0.1,"641,236","±11,476",5.90%,±0.1,"52,058","±2,561",6.60%,±0.3,"708,725","±9,776",6.00%,±0.1,"274,081","±5,442",6.80%,±0.1,"222,642","±5,844",5.30%,±0.1,"706,358","±9,893",5.40%,±0.1,"58,466","±4,134",5.30%,±0.4,"314,825","±8,293",5.90%,±0.2,"61,176","±2,710",6.70%,±0.3,"428,094","±9,821",6.00%,±0.1,"2,066,208","±21,294",6.80%,±0.1,"256,131","±6,264",7.50%,±0.2,"29,952","±1,804",4.60%,±0.3,"512,565","±9,771",5.90%,±0.1,"460,067","±9,506",5.90%,±0.1,"92,813","±4,310",5.20%,±0.2,"347,068","±7,744",5.90%,±0.1,"36,438","±2,371",6.20%,±0.4,"127,623","±6,263",4.00%,±0.2
        10 to 14 years,"331,262","±8,268",6.50%,±0.2,"51,926","±2,834",7.10%,±0.4,"454,506","±9,617",6.10%,±0.1,"197,772","±6,841",6.40%,±0.2,"2,535,289","±20,515",6.50%,±0.1,"364,851","±8,499",6.20%,±0.1,"207,266","±6,410",5.70%,±0.2,"63,821","±3,715",6.20%,±0.4,"34,113","±3,949",5.00%,±0.6,"1,266,208","±17,800",5.60%,±0.1,"746,320","±11,638",6.80%,±0.1,"88,182","±3,541",6.10%,±0.2,"139,235","±4,650",7.10%,±0.2,"779,833","±15,526",6.20%,±0.1,"446,554","±9,261",6.50%,±0.1,"210,274","±6,037",6.60%,±0.2,"206,744","±5,492",7.00%,±0.2,"288,926","±7,096",6.40%,±0.2,"303,219","±8,582",6.60%,±0.2,6.30%,±0.2,"72,592","±3,391",5.20%,±0.2,"390,863","±8,772",6.30%,±0.1,"384,162","±9,292",5.50%,±0.1,"611,729","±9,655",6.10%,±0.1,"385,909","±6,411",6.70%,±0.1,"198,632","±7,180",6.80%,±0.2,"391,705","±7,686",6.30%,±0.1,"69,920","±3,568",6.20%,±0.3,"141,003","±4,282",7.10%,±0.2,"196,263","±5,798",6.10%,±0.2,"75,485","±3,328",5.40%,±0.2,"587,449","±12,067",6.30%,±0.1,"142,197","±6,542",6.70%,±0.3,"1,153,297","±14,395",5.90%,±0.1,"658,597","±11,832",6.10%,±0.1,"51,737","±2,969",6.60%,±0.4,"739,497","±9,792",6.30%,±0.1,"278,672","±5,572",6.90%,±0.1,"252,517","±6,552",6.00%,±0.2,"774,701","±10,446",6.00%,±0.1,"55,872","±4,335",5.10%,±0.4,"328,008","±8,250",6.10%,±0.2,"64,030","±3,018",7.00%,±0.3,"442,218","±10,077",6.20%,±0.1,"2,205,759","±21,338",7.20%,±0.1,"273,145","±6,220",8.00%,±0.2,"35,665","±2,260",5.50%,±0.3,"546,266","±9,685",6.30%,±0.1,"480,293","±9,579",6.10%,±0.1,"106,431","±4,340",6.00%,±0.2,"354,836","±7,599",6.00%,±0.1,"38,128","±2,677",6.50%,±0.5,"166,130","±6,060",5.20%,±0.2
        15 to 19 years,"350,694","±6,962",6.90%,±0.1,"43,880","±3,216",6.00%,±0.4,"501,122","±4,275",6.70%,±0.1,"214,564","±5,918",7.00%,±0.2,"2,614,940","±7,488",6.70%,±0.1,"378,487","±4,958",6.40%,±0.1,"241,031","±2,891",6.70%,±0.1,"65,460","±1,500",6.30%,±0.1,"36,112","±1,776",5.30%,±0.3,"1,328,142","±7,971",5.90%,±0.1,"779,849","±8,409",7.10%,±0.1,"78,043","±1,729",5.40%,±0.1,"148,318","±3,837",7.50%,±0.2,"827,493","±4,664",6.60%,±0.1,"485,931","±5,991",7.10%,±0.1,"225,470","±3,722",7.00%,±0.1,"210,613","±4,435",7.20%,±0.2,"286,721","±4,610",6.30%,±0.1,"302,119","±5,568",6.60%,±0.1,6.30%,±0.2,"79,986","±2,260",5.70%,±0.2,"401,595","±4,736",6.50%,±0.1,"457,558","±4,366",6.50%,±0.1,"647,022","±4,641",6.40%,±0.1,"386,002","±3,745",6.70%,±0.1,"223,891","±5,494",7.60%,±0.2,"414,976","±5,327",6.70%,±0.1,"68,365","±2,412",6.00%,±0.2,"138,455","±2,284",7.00%,±0.1,"199,389","±3,213",6.20%,±0.1,"84,264","±2,299",6.00%,±0.2,"582,651","±4,156",6.30%,±0.1,"140,142","±3,502",6.60%,±0.2,"1,203,892","±5,991",6.20%,±0.1,"729,451","±8,128",6.70%,±0.1,"54,372","±2,739",6.90%,±0.3,"775,522","±6,193",6.60%,±0.1,"293,303","±3,434",7.20%,±0.1,"256,017","±4,549",6.00%,±0.1,"847,344","±4,858",6.50%,±0.1,"71,235","±1,989",6.50%,±0.2,"361,188","±6,220",6.70%,±0.1,"65,802","±2,415",7.20%,±0.3,"452,889","±6,129",6.40%,±0.1,"2,198,388","±10,648",7.20%,±0.1,"282,085","±2,589",8.30%,±0.1,"42,725","±1,978",6.60%,±0.3,"580,019","±8,300",6.70%,±0.1,"468,878","±4,724",6.00%,±0.1,"112,145","±3,153",6.30%,±0.2,"389,433","±4,690",6.60%,±0.1,"40,417","±2,635",6.90%,±0.5,"191,446","±4,118",6.00%,±0.1
        20 to 24 years,"333,795","±7,179",6.50%,±0.1,"49,734","±4,230",6.80%,±0.6,"498,597","±3,903",6.70%,±0.1,"203,715","±5,685",6.60%,±0.2,"2,515,300","±7,019",6.50%,±0.1,"379,346","±4,568",6.50%,±0.1,"232,217","±3,152",6.40%,±0.1,"61,403","±1,614",6.00%,±0.2,"50,928","±1,830",7.50%,±0.3,"1,285,607","±7,908",5.70%,±0.1,"744,354","±9,197",6.70%,±0.1,"85,733","±1,675",6.00%,±0.1,"133,282","±3,958",6.80%,±0.2,"817,073","±5,323",6.50%,±0.1,"473,586","±5,377",6.90%,±0.1,"222,476","±4,164",6.90%,±0.1,"214,245","±4,420",7.30%,±0.2,"300,199","±5,489",6.60%,±0.1,"293,386","±6,678",6.40%,±0.1,6.30%,±0.2,"77,407","±2,240",5.50%,±0.2,"367,705","±4,793",5.90%,±0.1,"479,344","±3,895",6.80%,±0.1,"659,915","±5,185",6.60%,±0.1,"348,838","±3,819",6.10%,±0.1,"192,902","±5,338",6.60%,±0.2,"406,000","±5,527",6.60%,±0.1,"75,272","±2,103",6.60%,±0.2,"140,599","±2,796",7.10%,±0.1,"183,350","±2,455",5.70%,±0.1,"83,802","±2,127",6.00%,±0.2,"552,670","±5,089",5.90%,±0.1,"139,508","±3,445",6.60%,±0.2,"1,232,310","±5,146",6.30%,±0.1,"723,916","±7,549",6.70%,±0.1,"59,265","±3,128",7.60%,±0.4,"734,816","±6,136",6.20%,±0.1,"283,736","±3,733",7.00%,±0.1,"253,357","±3,859",6.00%,±0.1,"798,935","±5,183",6.20%,±0.1,"71,178","±1,955",6.50%,±0.2,"338,310","±6,102",6.30%,±0.1,"57,907","±2,480",6.30%,±0.3,"460,289","±6,588",6.50%,±0.1,"2,089,908","±11,031",6.90%,±0.1,"291,473","±2,913",8.50%,±0.1,"40,699","±2,218",6.30%,±0.3,"562,765","±8,354",6.50%,±0.1,"475,123","±4,694",6.10%,±0.1,"112,010","±2,918",6.30%,±0.2,"395,528","±4,119",6.70%,±0.1,"34,570","±1,819",5.90%,±0.3,"218,847","±4,443",6.80%,±0.1
        25 to 29 years,"313,883","±4,854",6.10%,±0.1,"55,327","±2,130",7.50%,±0.3,"506,283","±2,593",6.80%,±0.1,"191,200","±3,728",6.20%,±0.1,"2,692,007","±5,865",6.90%,±0.1,"448,664","±5,061",7.60%,±0.1,"219,887","±2,297",6.10%,±0.1,"57,870",±819,5.60%,±0.1,"69,772",±795,10.30%,±0.1,"1,342,235","±6,177",5.90%,±0.1,"735,418","±7,511",6.70%,±0.1,"86,607","±1,694",6.00%,±0.1,"123,741","±2,378",6.30%,±0.1,"822,654","±3,896",6.60%,±0.1,"437,183","±4,613",6.40%,±0.1,"197,296","±3,382",6.20%,±0.1,"189,943","±3,341",6.50%,±0.1,"291,097","±4,207",6.40%,±0.1,"280,701","±4,741",6.10%,±0.1,6.00%,±0.2,"79,804","±1,694",5.70%,±0.1,"370,945","±3,125",6.00%,±0.1,"472,523","±2,342",6.70%,±0.1,"633,703","±3,553",6.30%,±0.1,"359,264","±3,269",6.30%,±0.1,"173,595","±5,305",5.90%,±0.2,"391,461","±4,154",6.30%,±0.1,"69,333","±1,949",6.10%,±0.2,"125,649","±2,115",6.40%,±0.1,"215,003","±2,382",6.70%,±0.1,"83,766","±2,005",6.00%,±0.1,"567,536","±2,579",6.10%,±0.1,"133,804","±3,362",6.30%,±0.2,"1,330,595","±3,450",6.80%,±0.1,"700,558","±7,769",6.50%,±0.1,"59,807","±2,835",7.60%,±0.4,"754,392","±5,570",6.40%,±0.1,"260,398","±3,030",6.40%,±0.1,"278,480","±3,555",6.60%,±0.1,"785,892","±3,495",6.10%,±0.1,"73,447","±1,880",6.70%,±0.2,"328,099","±5,926",6.10%,±0.1,"56,897","±2,164",6.20%,±0.2,"481,495","±5,914",6.80%,±0.1,"2,141,194","±8,076",7.00%,±0.1,"262,174","±2,627",7.70%,±0.1,"36,520","±1,470",5.60%,±0.2,"564,757","±4,881",6.50%,±0.1,"553,933","±3,608",7.10%,±0.1,"98,811","±2,397",5.60%,±0.1,"364,729","±3,411",6.20%,±0.1,"36,374","±2,134",6.20%,±0.4,"203,334","±4,032",6.30%,±0.1
        30 to 34 years,"330,634","±5,075",6.50%,±0.1,"56,523","±1,791",7.70%,±0.2,"520,705","±2,616",7.00%,±0.1,"201,994","±4,066",6.60%,±0.1,"2,978,622","±5,238",7.60%,±0.1,"479,339","±3,775",8.20%,±0.1,"230,580","±2,124",6.40%,±0.1,"67,091","±1,026",6.50%,±0.1,"74,938",±122,11.00%,±0.1,"1,472,398","±6,116",6.50%,±0.1,"781,199","±8,090",7.10%,±0.1,"99,146","±1,774",6.90%,±0.1,"130,577","±2,826",6.60%,±0.1,"859,570","±3,691",6.80%,±0.1,"455,677","±3,947",6.60%,±0.1,"201,330","±4,019",6.30%,±0.1,"187,885","±3,388",6.40%,±0.1,"304,571","±3,977",6.70%,±0.1,"308,764","±6,157",6.80%,±0.1,6.80%,±0.2,"88,461","±1,474",6.30%,±0.1,"421,207","±2,979",6.80%,±0.1,"493,923","±3,081",7.10%,±0.1,"680,649","±3,841",6.80%,±0.1,"380,411","±2,913",6.60%,±0.1,"177,133","±5,352",6.00%,±0.2,"415,312","±4,151",6.70%,±0.1,"75,302","±2,180",6.60%,±0.2,"128,558","±2,730",6.50%,±0.1,"240,589","±2,695",7.50%,±0.1,"92,389","±1,611",6.60%,±0.1,"615,144","±3,197",6.60%,±0.1,"143,021","±3,743",6.80%,±0.2,"1,403,693","±4,849",7.20%,±0.1,"743,213","±8,388",6.90%,±0.1,"55,024","±2,286",7.00%,±0.3,"796,394","±4,245",6.80%,±0.1,"279,729","±3,019",6.90%,±0.1,"313,412","±3,799",7.40%,±0.1,"865,513","±3,855",6.70%,±0.1,"80,339","±1,288",7.30%,±0.1,"349,358","±4,817",6.50%,±0.1,"58,090","±2,328",6.30%,±0.3,"496,983","±5,119",7.00%,±0.1,"2,239,258","±8,169",7.30%,±0.1,"244,416","±2,360",7.20%,±0.1,"39,653",±926,6.10%,±0.1,"597,415","±6,700",6.90%,±0.1,"624,403","±4,068",8.00%,±0.1,"107,442","±2,698",6.10%,±0.2,"376,995","±4,065",6.40%,±0.1,"40,084","±1,990",6.90%,±0.3,"203,132","±5,429",6.30%,±0.2
        35 to 39 years,"320,939","±9,624",6.30%,±0.2,"57,892","±3,382",7.90%,±0.5,"475,102","±12,649",6.40%,±0.2,"194,099","±6,563",6.30%,±0.2,"2,823,039","±22,863",7.20%,±0.1,"457,235","±11,366",7.80%,±0.2,"230,935","±7,646",6.40%,±0.2,"63,384","±4,327",6.10%,±0.4,"63,903","±3,620",9.40%,±0.5,"1,466,735","±21,620",6.50%,±0.1,"739,394","±14,801",6.70%,±0.1,"94,217","±4,345",6.60%,±0.3,"126,765","±4,971",6.50%,±0.3,"832,327","±15,387",6.60%,±0.1,"439,138","±10,672",6.40%,±0.2,"198,873","±6,023",6.20%,±0.2,"190,222","±6,325",6.50%,±0.2,"291,450","±7,511",6.40%,±0.2,"303,626","±9,094",6.60%,±0.2,6.50%,±0.3,"85,520","±3,808",6.10%,±0.3,"429,897","±9,478",7.00%,±0.2,"480,321","±10,785",6.90%,±0.2,"617,475","±10,446",6.20%,±0.1,"403,217","±8,487",7.00%,±0.1,"180,703","±6,733",6.10%,±0.2,"404,433","±10,072",6.50%,±0.2,"75,613","±4,101",6.70%,±0.4,"129,056","±4,104",6.50%,±0.2,"226,041","±8,005",7.10%,±0.3,"96,143","±4,399",6.90%,±0.3,"628,533","±13,756",6.80%,±0.1,"140,800","±4,930",6.70%,±0.2,"1,298,001","±16,874",6.60%,±0.1,"702,717","±14,368",6.50%,±0.1,"56,787","±3,220",7.20%,±0.4,"746,804","±13,918",6.30%,±0.1,"275,621","±6,539",6.80%,±0.2,"293,939","±8,500",6.90%,±0.2,"860,853","±12,605",6.60%,±0.1,"71,278","±4,430",6.50%,±0.4,"343,362","±8,290",6.40%,±0.2,"61,874","±3,359",6.70%,±0.4,"468,014","±10,316",6.60%,±0.1,"2,204,042","±23,309",7.20%,±0.1,"233,775","±6,454",6.80%,±0.2,"41,552","±2,245",6.40%,±0.3,"606,153","±13,854",7.00%,±0.2,"594,771","±12,218",7.60%,±0.2,"102,307","±5,078",5.80%,±0.3,"379,586","±6,977",6.40%,±0.1,"41,636","±3,093",7.10%,±0.5,"188,860","±7,236",5.90%,±0.2
        40 to 44 years,"328,313","±9,567",6.40%,±0.2,"52,239","±3,620",7.10%,±0.5,"467,226","±12,283",6.30%,±0.2,"205,080","±7,174",6.70%,±0.2,"2,637,271","±22,610",6.80%,±0.1,"417,376","±11,157",7.10%,±0.2,"238,479","±7,471",6.60%,±0.2,"65,305","±4,379",6.30%,±0.4,"50,201","±3,648",7.40%,±0.5,"1,434,863","±21,605",6.30%,±0.1,"747,522","±13,158",6.80%,±0.1,"98,299","±4,807",6.80%,±0.3,"132,044","±5,190",6.70%,±0.3,"846,077","±15,484",6.70%,±0.1,"439,641","±9,478",6.40%,±0.1,"211,540","±6,715",6.60%,±0.2,"197,579","±6,389",6.70%,±0.2,"278,309","±8,206",6.10%,±0.2,"318,907","±7,797",7.00%,±0.2,7.00%,±0.3,"90,237","±3,727",6.50%,±0.3,"420,579","±9,349",6.80%,±0.2,"447,066","±10,248",6.40%,±0.1,"611,978","±10,704",6.10%,±0.1,"381,557","±8,576",6.60%,±0.1,"208,325","±8,385",7.10%,±0.3,"395,861","±9,681",6.40%,±0.2,"75,096","±4,150",6.60%,±0.4,"133,065","±4,576",6.70%,±0.2,"220,694","±7,600",6.90%,±0.2,"83,663","±4,112",6.00%,±0.3,"610,081","±13,861",6.60%,±0.1,"135,285","±5,562",6.40%,±0.3,"1,254,526","±17,099",6.40%,±0.1,"702,189","±15,178",6.50%,±0.1,"49,918","±4,130",6.40%,±0.5,"735,050","±13,197",6.20%,±0.1,"263,647","±6,323",6.50%,±0.2,"306,809","±8,493",7.20%,±0.2,"799,306","±11,807",6.20%,±0.1,"71,652","±3,962",6.50%,±0.4,"345,541","±8,227",6.40%,±0.2,"56,381","±3,334",6.10%,±0.4,"467,361","±10,164",6.60%,±0.1,"2,147,241","±22,969",7.00%,±0.1,"234,419","±6,722",6.90%,±0.2,"40,328","±2,107",6.20%,±0.3,"601,873","±12,440",6.90%,±0.1,"546,897","±12,160",7.00%,±0.2,"111,309","±5,017",6.30%,±0.3,"371,818","±7,436",6.30%,±0.1,"40,462","±2,791",6.90%,±0.5,"207,923","±6,593",6.50%,±0.2
        45 to 49 years,"300,020","±5,421",5.90%,±0.1,"41,875","±2,007",5.70%,±0.3,"424,460","±2,938",5.70%,±0.1,"178,181","±3,910",5.80%,±0.1,"2,399,749","±5,641",6.20%,±0.1,"356,557","±3,927",6.10%,±0.1,"208,809","±1,905",5.80%,±0.1,"54,110","±1,152",5.20%,±0.1,"37,236",±86,5.50%,±0.1,"1,332,086","±6,825",5.90%,±0.1,"683,951","±7,024",6.20%,±0.1,"82,134","±1,378",5.70%,±0.1,"115,448","±1,947",5.90%,±0.1,"764,366","±3,827",6.10%,±0.1,"396,479","±3,840",5.80%,±0.1,"181,433","±2,755",5.70%,±0.1,"161,993","±2,750",5.50%,±0.1,"271,388","±4,110",6.00%,±0.1,"260,323","±5,934",5.70%,±0.1,5.60%,±0.2,"76,935","±1,069",5.50%,±0.1,"375,125","±3,441",6.10%,±0.1,"404,523","±2,454",5.80%,±0.1,"567,058","±3,032",5.60%,±0.1,"330,827","±2,900",5.80%,±0.1,"180,013","±5,205",6.10%,±0.2,"354,941","±3,867",5.70%,±0.1,"63,420","±1,823",5.60%,±0.2,"112,010","±2,335",5.70%,±0.1,"195,940","±2,092",6.10%,±0.1,"76,916","±1,721",5.50%,±0.1,"582,851","±3,438",6.30%,±0.1,"118,643","±3,701",5.60%,±0.2,"1,141,208","±3,707",5.80%,±0.1,"652,884","±7,397",6.00%,±0.1,"39,193","±1,710",5.00%,±0.2,"673,370","±4,310",5.70%,±0.1,"231,199","±2,428",5.70%,±0.1,"261,664","±2,772",6.20%,±0.1,"726,879","±4,482",5.60%,±0.1,"60,298","±1,500",5.50%,±0.1,"307,405","±4,502",5.70%,±0.1,"50,955","±1,988",5.50%,±0.2,"421,747","±4,635",5.90%,±0.1,"1,897,232","±8,624",6.20%,±0.1,"208,506","±2,598",6.10%,±0.1,"36,068",±992,5.60%,±0.2,"521,323","±5,712",6.00%,±0.1,"466,808","±3,771",6.00%,±0.1,"108,208","±2,611",6.10%,±0.1,"333,758","±2,865",5.60%,±0.1,"30,725","±1,414",5.30%,±0.2,"194,219","±3,932",6.10%,±0.1
        50 to 54 years,"320,058","±4,717",6.30%,±0.1,"40,307","±1,726",5.50%,±0.2,"438,405","±2,654",5.90%,±0.1,"181,169","±3,130",5.90%,±0.1,"2,446,253","±4,796",6.30%,±0.1,"356,915","±3,490",6.10%,±0.1,"232,830","±1,709",6.40%,±0.1,"61,204",±773,5.90%,±0.1,"34,633",±62,5.10%,±0.1,"1,428,440","±6,287",6.30%,±0.1,"722,758","±6,869",6.60%,±0.1,"85,390","±1,190",5.90%,±0.1,"109,445","±2,178",5.60%,±0.1,"790,442","±3,479",6.30%,±0.1,"422,024","±4,867",6.10%,±0.1,"182,933","±2,740",5.70%,±0.1,"163,667","±2,782",5.60%,±0.1,"284,520","±2,893",6.30%,±0.1,"268,843","±4,907",5.90%,±0.1,5.80%,±0.1,"91,167","±1,539",6.50%,±0.1,"393,086","±2,863",6.40%,±0.1,"440,630","±2,034",6.30%,±0.1,"627,278","±2,838",6.20%,±0.1,"335,035","±3,121",5.80%,±0.1,"177,681","±4,843",6.00%,±0.2,"365,291","±3,340",5.90%,±0.1,"62,391","±1,542",5.50%,±0.1,"108,450","±1,938",5.50%,±0.1,"205,130","±2,169",6.40%,±0.1,"91,601","±1,459",6.50%,±0.1,"610,980","±2,996",6.60%,±0.1,"121,271","±3,648",5.70%,±0.2,"1,225,855","±3,448",6.30%,±0.1,"700,335","±5,834",6.50%,±0.1,"37,670","±1,705",4.80%,±0.2,"731,647","±4,017",6.20%,±0.1,"229,644","±2,232",5.70%,±0.1,"261,304","±2,723",6.20%,±0.1,"797,213","±3,822",6.20%,±0.1,"66,240","±1,235",6.00%,±0.1,"330,087","±4,516",6.10%,±0.1,"47,699","±1,649",5.20%,±0.2,"448,094","±4,553",6.30%,±0.1,"1,859,874","±9,080",6.10%,±0.1,"175,370","±2,050",5.10%,±0.1,"40,669","±1,053",6.30%,±0.2,"544,417","±4,646",6.20%,±0.1,"466,341","±3,281",6.00%,±0.1,"114,165","±1,317",6.40%,±0.1,"354,763","±2,628",6.00%,±0.1,"30,327","±1,272",5.20%,±0.2,"204,793","±1,936",6.40%,±0.1
        55 to 59 years,"308,895","±6,719",6.00%,±0.1,"39,971","±2,513",5.50%,±0.3,"412,511","±9,767",5.60%,±0.1,"175,535","±5,542",5.70%,±0.2,"2,341,362","±19,987",6.00%,±0.1,"317,170","±7,194",5.40%,±0.1,"242,945","±6,864",6.70%,±0.2,"65,582","±3,288",6.40%,±0.3,"32,059","±2,795",4.70%,±0.4,"1,429,660","±12,855",6.30%,±0.1,"667,422","±11,270",6.10%,±0.1,"84,903","±2,954",5.90%,±0.2,"104,600","±4,343",5.30%,±0.2,"763,751","±10,441",6.10%,±0.1,"407,227","±8,062",5.90%,±0.1,"182,323","±5,310",5.70%,±0.2,"157,918","±4,894",5.40%,±0.2,"282,757","±7,867",6.20%,±0.2,"266,286","±7,622",5.80%,±0.2,6.20%,±0.2,"95,023","±3,319",6.80%,±0.2,"405,301","±8,644",6.60%,±0.1,"454,158","±8,823",6.50%,±0.1,"640,195","±8,014",6.40%,±0.1,"338,498","±7,278",5.90%,±0.1,"170,004","±5,085",5.80%,±0.2,"367,470","±7,713",5.90%,±0.1,"64,814","±3,059",5.70%,±0.3,"102,776","±3,352",5.20%,±0.2,"192,508","±4,744",6.00%,±0.1,"97,772","±4,908",7.00%,±0.4,"616,330","±11,750",6.60%,±0.1,"111,763","±4,883",5.30%,±0.2,"1,280,576","±14,649",6.50%,±0.1,"675,234","±12,286",6.20%,±0.1,"39,245","±2,630",5.00%,±0.3,"721,789","±12,036",6.10%,±0.1,"218,507","±5,131",5.40%,±0.1,"239,220","±6,675",5.70%,±0.2,"835,881","±11,882",6.40%,±0.1,"73,372","±2,892",6.70%,±0.3,"333,118","±9,369",6.20%,±0.2,"55,157","±2,382",6.00%,±0.3,"434,374","±9,204",6.10%,±0.1,"1,651,024","±18,020",5.40%,±0.1,"154,185","±5,238",4.50%,±0.2,"41,956","±2,477",6.50%,±0.4,"540,862","±10,925",6.20%,±0.1,"435,575","±8,240",5.60%,±0.1,"115,584","±3,956",6.50%,±0.2,"381,987","±6,196",6.50%,±0.1,"31,373","±2,597",5.40%,±0.4,"212,268","±6,238",6.60%,±0.2
        60 to 64 years,"344,106","±6,905",6.70%,±0.1,"46,760","±2,879",6.40%,±0.4,"467,831","±9,747",6.30%,±0.1,"200,090","±5,373",6.50%,±0.2,"2,339,427","±19,659",6.00%,±0.1,"357,325","±7,025",6.10%,±0.1,"265,426","±7,007",7.30%,±0.2,"76,924","±3,143",7.50%,±0.3,"31,181","±2,768",4.60%,±0.4,"1,597,671","±13,598",7.10%,±0.1,"671,205","±11,405",6.10%,±0.1,"90,849","±3,042",6.30%,±0.2,"120,825","±4,050",6.10%,±0.2,"825,979","±10,368",6.60%,±0.1,"436,033","±8,558",6.40%,±0.1,"215,809","±5,326",6.70%,±0.2,"188,680","±5,053",6.40%,±0.2,"298,415","±8,267",6.60%,±0.2,"300,852","±7,229",6.60%,±0.2,6.50%,±0.2,"112,193","±3,470",8.00%,±0.2,"414,661","±8,425",6.70%,±0.1,"489,124","±8,478",7.00%,±0.1,"697,295","±8,446",6.90%,±0.1,"386,838","±6,969",6.70%,±0.1,"196,201","±5,255",6.70%,±0.2,"422,544","±7,648",6.80%,±0.1,"77,926","±2,892",6.90%,±0.3,"126,757","±3,834",6.40%,±0.2,"202,489","±4,728",6.30%,±0.1,"118,757","±4,610",8.50%,±0.3,"632,849","±11,594",6.80%,±0.1,"144,698","±4,386",6.80%,±0.2,"1,315,200","±14,572",6.70%,±0.1,"695,066","±11,619",6.40%,±0.1,"48,407","±2,574",6.20%,±0.3,"799,249","±11,626",6.80%,±0.1,"248,691","±5,308",6.10%,±0.1,"267,973","±6,573",6.30%,±0.2,"901,515","±11,928",7.00%,±0.1,"77,491","±3,041",7.10%,±0.3,"370,330","±9,600",6.90%,±0.2,"58,878","±2,497",6.40%,±0.3,"467,303","±9,244",6.60%,±0.1,"1,694,592","±18,505",5.60%,±0.1,"156,425","±5,240",4.60%,±0.2,"51,088","±2,452",7.90%,±0.4,"561,608","±10,456",6.40%,±0.1,"483,339","±7,722",6.20%,±0.1,"121,201","±4,419",6.80%,±0.2,"419,185","±5,766",7.10%,±0.1,"40,775","±2,707",7.00%,±0.5,"221,864","±6,232",6.90%,±0.2
        65 to 69 years,"308,878","±6,092",6.00%,±0.1,"36,699","±1,937",5.00%,±0.3,"423,759","±7,227",5.70%,±0.1,"179,624","±4,719",5.90%,±0.2,"2,033,126","±18,280",5.20%,±0.1,"316,669","±6,283",5.40%,±0.1,"219,040","±5,162",6.10%,±0.1,"69,935","±2,977",6.80%,±0.3,"26,192","±1,917",3.90%,±0.3,"1,428,538","±14,888",6.30%,±0.1,"564,304","±9,540",5.10%,±0.1,"87,734","±3,233",6.10%,±0.2,"110,277","±3,677",5.60%,±0.2,"717,382","±7,840",5.70%,±0.1,"391,056","±8,147",5.70%,±0.1,"185,799","±4,782",5.80%,±0.1,"165,477","±5,655",5.60%,±0.2,"261,189","±5,275",5.80%,±0.1,"261,779","±6,196",5.70%,±0.1,6.00%,±0.2,"103,911","±3,708",7.40%,±0.3,"340,924","±6,420",5.50%,±0.1,"413,455","±8,099",5.90%,±0.1,"637,646","±8,136",6.40%,±0.1,"335,437","±5,232",5.80%,±0.1,"171,623","±6,028",5.80%,±0.2,"369,037","±7,314",6.00%,±0.1,"74,684","±2,468",6.60%,±0.2,"110,984","±3,173",5.60%,±0.2,"177,646","±5,737",5.60%,±0.2,"97,653","±3,072",7.00%,±0.2,"537,270","±8,623",5.80%,±0.1,"126,362","±4,730",6.00%,±0.2,"1,126,930","±13,114",5.80%,±0.1,"624,894","±9,762",5.80%,±0.1,"42,634","±2,344",5.40%,±0.3,"738,319","±10,604",6.30%,±0.1,"219,316","±4,711",5.40%,±0.1,"255,940","±5,192",6.00%,±0.1,"823,450","±10,138",6.40%,±0.1,"73,431","±3,037",6.70%,±0.3,"331,034","±7,215",6.20%,±0.1,"55,645","±2,655",6.10%,±0.3,"407,804","±6,281",5.70%,±0.1,"1,402,804","±14,095",4.60%,±0.1,"139,755","±3,651",4.10%,±0.1,"46,136","±2,420",7.10%,±0.4,"484,054","±8,414",5.60%,±0.1,"438,907","±8,226",5.60%,±0.1,"115,806","±3,988",6.50%,±0.2,"378,204","±6,475",6.40%,±0.1,"37,809","±2,386",6.50%,±0.4,"204,287","±6,545",6.40%,±0.2
        70 to 74 years,"245,130","±5,713",4.80%,±0.1,"29,939","±1,923",4.10%,±0.3,"384,473","±7,768",5.20%,±0.1,"141,606","±5,337",4.60%,±0.2,"1,629,227","±18,653",4.20%,±0.1,"262,477","±5,971",4.50%,±0.1,"175,883","±5,127",4.90%,±0.1,"62,935","±2,939",6.10%,±0.3,"24,879","±1,903",3.70%,±0.3,"1,252,984","±13,998",5.50%,±0.1,"466,760","±9,314",4.20%,±0.1,"78,472","±3,270",5.50%,±0.2,"97,418","±3,565",5.00%,±0.2,"578,222","±8,397",4.60%,±0.1,"313,265","±8,209",4.60%,±0.1,"159,424","±4,633",5.00%,±0.1,"141,513","±4,972",4.80%,±0.2,"223,389","±5,083",4.90%,±0.1,"222,084","±5,649",4.90%,±0.1,5.10%,±0.2,"85,896","±3,612",6.20%,±0.3,"285,152","±6,233",4.60%,±0.1,"339,624","±8,229",4.90%,±0.1,"522,354","±8,231",5.20%,±0.1,"271,024","±4,823",4.70%,±0.1,"140,030","±5,370",4.80%,±0.2,"302,650","±7,187",4.90%,±0.1,"66,447","±2,715",5.90%,±0.2,"90,662","±3,061",4.60%,±0.2,"154,772","±5,327",4.80%,±0.2,"77,495","±3,053",5.50%,±0.2,"416,989","±8,432",4.50%,±0.1,"122,671","±4,836",5.80%,±0.2,"956,146","±12,786",4.90%,±0.1,"516,826","±9,240",4.80%,±0.1,"35,005","±2,183",4.50%,±0.3,"580,004","±10,048",4.90%,±0.1,"181,697","±4,577",4.50%,±0.1,"236,559","±5,215",5.60%,±0.1,"687,134","±9,658",5.30%,±0.1,"50,330","±3,026",4.60%,±0.3,"290,462","±7,300",5.40%,±0.1,"47,913","±2,617",5.20%,±0.3,"341,541","±6,955",4.80%,±0.1,"1,145,242","±13,622",3.80%,±0.1,"114,857","±3,802",3.40%,±0.1,"39,674","±2,435",6.10%,±0.4,"396,914","±8,306",4.60%,±0.1,"363,162","±7,386",4.60%,±0.1,"109,611","±4,155",6.20%,±0.2,"306,481","±6,489",5.20%,±0.1,"32,453","±2,435",5.60%,±0.4,"180,088","±6,545",5.60%,±0.2
        75 to 79 years,"182,506","±4,812",3.60%,±0.1,"20,212","±1,812",2.80%,±0.2,"305,244","±6,290",4.10%,±0.1,"107,556","±3,685",3.50%,±0.1,"1,185,754","±11,655",3.00%,±0.1,"180,799","±4,793",3.10%,±0.1,"130,823","±4,564",3.60%,±0.1,"40,604","±1,950",3.90%,±0.2,"18,315","±1,632",2.70%,±0.2,"1,031,541","±16,025",4.60%,±0.1,"335,485","±7,337",3.00%,±0.1,"62,326","±2,936",4.30%,±0.2,"62,572","±3,110",3.20%,±0.2,"394,724","±7,353",3.10%,±0.1,"215,955","±6,450",3.10%,±0.1,"105,554","±3,534",3.30%,±0.1,"94,937","±3,620",3.20%,±0.1,"154,249","±4,752",3.40%,±0.1,"150,817","±5,126",3.30%,±0.1,3.70%,±0.2,"60,760","±2,981",4.40%,±0.2,"206,040","±5,452",3.30%,±0.1,"246,788","±6,735",3.50%,±0.1,"350,815","±7,002",3.50%,±0.1,"184,265","±4,971",3.20%,±0.1,"98,222","±3,695",3.30%,±0.1,"210,514","±5,044",3.40%,±0.1,"42,585","±2,424",3.80%,±0.2,"63,014","±2,512",3.20%,±0.1,"112,201","±4,531",3.50%,±0.1,"55,058","±2,738",3.90%,±0.2,"311,338","±6,597",3.40%,±0.1,"81,493","±4,000",3.90%,±0.2,"691,879","±13,099",3.50%,±0.1,"375,002","±8,302",3.50%,±0.1,"25,200","±1,832",3.20%,±0.2,"397,752","±8,412",3.40%,±0.1,"128,152","±3,647",3.20%,±0.1,"160,775","±4,967",3.80%,±0.1,"481,963","±7,672",3.70%,±0.1,"40,047","±2,843",3.70%,±0.3,"212,365","±5,287",4.00%,±0.1,"28,630","±2,227",3.10%,±0.2,"241,466","±5,143",3.40%,±0.1,"792,763","±10,955",2.60%,±0.1,"73,869","±3,179",2.20%,±0.1,"26,432","±1,577",4.10%,±0.2,"293,416","±6,986",3.40%,±0.1,"256,015","±6,825",3.30%,±0.1,"71,224","±3,265",4.00%,±0.2,"200,957","±5,076",3.40%,±0.1,"17,778","±1,622",3.00%,±0.3,"165,270","±5,048",5.20%,±0.2
        80 to 84 years,"106,693","±4,110",2.10%,±0.1,"8,911","±1,346",1.20%,±0.2,"185,157","±6,945",2.50%,±0.1,"67,237","±3,189",2.20%,±0.1,"749,307","±9,540",1.90%,±0.1,"98,806","±5,131",1.70%,±0.1,"83,430","±4,510",2.30%,±0.1,"24,952","±1,886",2.40%,±0.2,"10,670","±1,425",1.60%,±0.2,"657,889","±11,500",2.90%,±0.1,"186,379","±6,037",1.70%,±0.1,"38,869","±2,911",2.70%,±0.2,"41,878","±2,769",2.10%,±0.1,"268,934","±7,060",2.10%,±0.1,"142,005","±5,488",2.10%,±0.1,"73,086","±3,378",2.30%,±0.1,"60,109","±2,690",2.00%,±0.1,"94,893","±4,020",2.10%,±0.1,"87,199","±4,491",1.90%,±0.1,2.10%,±0.1,"39,057","±2,490",2.80%,±0.2,"125,217","±4,713",2.00%,±0.1,"152,434","±5,251",2.20%,±0.1,"226,160","±6,198",2.30%,±0.1,"121,372","±4,477",2.10%,±0.1,"59,033","±3,286",2.00%,±0.1,"138,057","±4,610",2.20%,±0.1,"27,023","±1,851",2.40%,±0.2,"40,083","±2,286",2.00%,±0.1,"66,710","±3,889",2.10%,±0.1,"34,298","±2,510",2.40%,±0.2,"202,963","±6,070",2.20%,±0.1,"49,398","±3,141",2.30%,±0.1,"442,243","±10,627",2.30%,±0.1,"220,658","±6,896",2.00%,±0.1,"14,172","±1,398",1.80%,±0.2,"259,273","±6,706",2.20%,±0.1,"82,831","±3,026",2.00%,±0.1,"93,550","±4,125",2.20%,±0.1,"307,085","±7,315",2.40%,±0.1,"25,180","±2,159",2.30%,±0.2,"118,298","±4,655",2.20%,±0.1,"18,179","±1,852",2.00%,±0.2,"142,756","±4,973",2.00%,±0.1,"466,540","±9,645",1.50%,±0.1,"45,664","±2,942",1.30%,±0.1,"18,387","±1,533",2.80%,±0.2,"177,990","±5,478",2.00%,±0.1,"149,077","±5,343",1.90%,±0.1,"48,491","±3,299",2.70%,±0.2,"130,416","±3,913",2.20%,±0.1,"12,420","±1,671",2.10%,±0.3,"118,697","±4,654",3.70%,±0.1
        85 years and over,"88,912","±3,994",1.70%,±0.1,"7,237","±1,360",1.00%,±0.2,"139,098","±5,869",1.90%,±0.1,"54,883","±2,993",1.80%,±0.1,"714,505","±10,465",1.80%,±0.1,"85,791","±4,603",1.50%,±0.1,"80,855","±4,025",2.20%,±0.1,"21,531","±2,205",2.10%,±0.2,"8,940","±1,421",1.30%,±0.2,"546,830","±11,977",2.40%,±0.1,"146,322","±5,569",1.30%,±0.1,"35,951","±2,885",2.50%,±0.2,"30,114","±2,331",1.50%,±0.1,"246,568","±6,698",2.00%,±0.1,"119,287","±5,478",1.70%,±0.1,"71,025","±3,141",2.20%,±0.1,"56,329","±2,505",1.90%,±0.1,"71,048","±3,229",1.60%,±0.1,"72,712","±4,481",1.60%,±0.1,2.00%,±0.1,"30,496","±2,246",2.20%,±0.2,"109,305","±5,712",1.80%,±0.1,"140,583","±5,695",2.00%,±0.1,"195,250","±6,011",1.90%,±0.1,"113,830","±4,108",2.00%,±0.1,"47,584","±3,392",1.60%,±0.1,"118,239","±4,293",1.90%,±0.1,"21,211","±1,855",1.90%,±0.2,"36,182","±2,596",1.80%,±0.1,"43,530","±3,409",1.40%,±0.1,"25,454","±1,869",1.80%,±0.1,"178,217","±6,842",1.90%,±0.1,"41,848","±3,172",2.00%,±0.2,"418,303","±11,256",2.10%,±0.1,"177,976","±6,658",1.60%,±0.1,"16,944","±1,629",2.20%,±0.2,"238,649","±6,973",2.00%,±0.1,"64,989","±3,136",1.60%,±0.1,"81,050","±3,684",1.90%,±0.1,"298,322","±7,776",2.30%,±0.1,"23,388","±2,530",2.10%,±0.2,"85,935","±5,261",1.60%,±0.1,"19,219","±1,721",2.10%,±0.2,"113,029","±4,898",1.60%,±0.1,"387,641","±8,672",1.30%,±0.1,"41,604","±2,663",1.20%,±0.1,"12,792","±1,396",2.00%,±0.2,"146,557","±5,675",1.70%,±0.1,"131,969","±5,215",1.70%,±0.1,"35,060","±2,771",2.00%,±0.2,"117,337","±4,991",2.00%,±0.1,"11,637","±1,598",2.00%,±0.3,"102,519","±5,175",3.20%,±0.2
    SELECTED AGE CATEGORIES,,,,,,,,,,,,,,,,,,,,,,,,,,,,,,,,,,,,,,,,,,,,,,,,,,,,,,,,,,,,,,,,,,,,,,,,,,,,,,,,,,,,,,,,,,,,,,,,,,,,,,,,,,,,,,,,,,,,,,,,,,,,,,,,,,,,,,,,,,,,,,,,,,,,,,,,,,,,,,,,,,,,,,,,,,,,,,,,,,,,,,,,,,,,,,,,,,,,,,,,,,,,,,,,,,
        5 to 14 years,"636,993","±4,946",12.50%,±0.1,"100,689","±2,113",13.70%,±0.3,"890,229","±1,844",12.00%,±0.1,"394,291","±3,632",12.90%,±0.1,"4,778,484","±4,410",12.30%,±0.1,"680,879","±3,289",11.60%,±0.1,"403,445","±1,248",11.20%,±0.1,"119,202",±320,11.60%,±0.1,"70,501",±197,10.40%,±0.1,"2,452,837","±4,573",10.80%,±0.1,"1,435,155","±7,010",13.00%,±0.1,"169,045",±901,11.80%,±0.1,"266,514","±1,990",13.60%,±0.1,"1,533,101","±3,564",12.20%,±0.1,"886,154","±4,858",12.90%,±0.1,"410,570","±3,117",12.80%,±0.1,"389,607","±2,541",13.20%,±0.1,"567,326","±3,249",12.50%,±0.1,"599,715","±4,807",13.10%,±0.1,12.50%,±0.2,"138,971","±1,948",10.00%,±0.1,"766,678","±2,344",12.40%,±0.1,"747,200","±2,220",10.70%,±0.1,"1,193,009","±3,620",11.90%,±0.1,"734,505","±2,968",12.80%,±0.1,"375,735","±4,146",12.80%,±0.1,"770,954","±3,972",12.40%,±0.1,"137,967","±1,748",12.20%,±0.2,"271,580","±2,373",13.70%,±0.1,"387,021","±2,318",12.10%,±0.1,"140,244","±1,217",10.00%,±0.1,"1,125,911","±2,099",12.10%,±0.1,"259,371","±2,851",12.30%,±0.1,"2,214,151","±3,574",11.30%,±0.1,"1,299,833","±6,379",12.00%,±0.1,"103,795","±2,412",13.20%,±0.3,"1,448,222","±4,054",12.30%,±0.1,"552,753","±2,425",13.60%,±0.1,"475,159","±3,316",11.20%,±0.1,"1,481,059","±3,565",11.40%,±0.1,"114,338","±1,305",10.40%,±0.1,"642,833","±4,092",12.00%,±0.1,"125,206","±1,498",13.60%,±0.2,"870,312","±3,918",12.20%,±0.1,"4,271,967","±8,373",14.00%,±0.1,"529,276","±1,963",15.50%,±0.1,"65,617","±1,390",10.10%,±0.2,"1,058,831","±5,579",12.10%,±0.1,"940,360","±2,982",12.00%,±0.1,"199,244","±1,904",11.30%,±0.1,"701,904","±3,325",11.90%,±0.1,"74,566","±1,796",12.80%,±0.3,"293,753","±2,660",9.20%,±0.1
        15 to 17 years,"204,634","±4,254",4.00%,±0.1,"28,466","±1,765",3.90%,±0.2,"298,708","±1,660",4.00%,±0.1,"129,789","±3,009",4.20%,±0.1,"1,572,025","±3,297",4.00%,±0.1,"226,026","±2,596",3.80%,±0.1,"138,618","±1,158",3.80%,±0.1,"38,325",±264,3.70%,±0.1,"17,513",±4,2.60%,±0.1,"803,909","±3,809",3.60%,±0.1,"477,443","±4,459",4.30%,±0.1,"47,422",±620,3.30%,±0.1,"88,969","±1,449",4.50%,±0.1,"507,500","±2,054",4.00%,±0.1,"293,194","±3,245",4.30%,±0.1,"132,914","±1,850",4.10%,±0.1,"127,327","±1,904",4.30%,±0.1,"179,778","±2,385",4.00%,±0.1,"188,085","±3,396",4.10%,±0.1,3.90%,±0.1,"46,909","±1,388",3.40%,±0.1,"245,407","±1,819",4.00%,±0.1,"252,094","±2,197",3.60%,±0.1,"388,003","±1,924",3.90%,±0.1,"233,475","±1,848",4.10%,±0.1,"132,484","±2,964",4.50%,±0.1,"251,969","±2,843",4.10%,±0.1,"42,232","±1,203",3.70%,±0.1,"86,515","±1,625",4.40%,±0.1,"126,332","±1,919",4.00%,±0.1,"47,692",±764,3.40%,±0.1,"364,726","±1,216",3.90%,±0.1,"84,894","±2,199",4.00%,±0.1,"700,890","±2,797",3.60%,±0.1,"427,927","±4,800",3.90%,±0.1,"29,317","±1,440",3.70%,±0.2,"467,716","±3,088",4.00%,±0.1,"173,380","±1,513",4.30%,±0.1,"156,492","±2,329",3.70%,±0.1,"480,231","±2,573",3.70%,±0.1,"36,201",±852,3.30%,±0.1,"213,575","±2,619",4.00%,±0.1,"38,715","±1,024",4.20%,±0.1,"282,016","±3,354",4.00%,±0.1,"1,354,699","±6,207",4.40%,±0.1,"174,748","±1,529",5.10%,±0.1,"22,041",±739,3.40%,±0.1,"336,602","±3,863",3.90%,±0.1,"289,510","±2,061",3.70%,±0.1,"64,945","±1,440",3.70%,±0.1,"234,300","±2,449",4.00%,±0.1,"24,748","±1,086",4.20%,±0.2,"110,543","±1,490",3.40%,±0.1
        Under 18 years,"1,129,646","±2,016",22.10%,±0.1,"174,366","±1,101",23.80%,±0.2,"1,580,079",±967,21.30%,±0.1,"700,988","±1,704",22.90%,±0.1,"8,437,329","±3,099",21.70%,±0.1,"1,210,680","±2,167",20.60%,±0.1,"722,624",±302,20.00%,±0.1,"211,925",±92,20.50%,±0.1,"126,526",±197,18.60%,±0.1,"4,379,016","±2,639",19.40%,±0.1,"2,534,348","±2,976",23.00%,±0.1,"293,887",±444,20.50%,±0.1,"466,391","±1,216",23.70%,±0.1,"2,701,627","±2,216",21.50%,±0.1,"1,580,906","±3,089",23.00%,±0.1,"725,547","±2,501",22.60%,±0.1,"686,764","±1,954",23.40%,±0.1,"1,011,737","±2,730",22.40%,±0.1,"1,063,436","±2,768",23.30%,±0.1,22.00%,±0.2,"245,778","±1,150",17.60%,±0.1,"1,358,921","±1,809",22.00%,±0.1,"1,341,439","±1,978",19.20%,±0.1,"2,110,471","±1,672",21.00%,±0.1,"1,294,975","±2,045",22.60%,±0.1,"675,234","±1,960",23.00%,±0.1,"1,371,339","±3,044",22.10%,±0.1,"235,562","±1,073",20.80%,±0.1,"478,594","±1,503",24.20%,±0.1,"684,516",±802,21.40%,±0.1,"250,715",±878,17.90%,±0.1,"2,009,165","±1,398",21.60%,±0.1,"448,558","±1,763",21.20%,±0.1,"3,950,749","±2,010",20.20%,±0.1,"2,322,499","±3,065",21.40%,±0.1,"179,600","±2,370",22.90%,±0.3,"2,570,621","±2,785",21.80%,±0.1,"965,744","±1,131",23.80%,±0.1,"829,801","±1,812",19.60%,±0.1,"2,624,629","±1,375",20.20%,±0.1,"203,257",±851,18.50%,±0.1,"1,142,238","±1,741",21.30%,±0.1,"218,807","±1,602",23.80%,±0.2,"1,563,360","±3,552",21.90%,±0.1,"7,540,257","±3,765",24.70%,±0.1,"933,905","±1,482",27.30%,±0.1,"114,826","±1,049",17.70%,±0.2,"1,872,177","±3,107",21.50%,±0.1,"1,647,192","±1,516",21.10%,±0.1,"351,642","±1,560",19.90%,±0.1,"1,244,078","±1,928",21.00%,±0.1,"129,965","±1,097",22.30%,±0.2,"498,687",*****,15.60%,*****
        18 to 24 years,"479,855","±5,966",9.40%,±0.1,"65,148","±2,900",8.90%,±0.4,"701,011","±2,509",9.40%,±0.1,"288,490","±5,117",9.40%,±0.2,"3,558,215","±5,247",9.10%,±0.1,"531,807","±4,790",9.00%,±0.1,"334,630","±2,248",9.30%,±0.1,"88,538",±999,8.60%,±0.1,"69,527",±780,10.20%,±0.1,"1,809,840","±6,736",8.00%,±0.1,"1,046,760","±9,596",9.50%,±0.1,"116,354","±1,671",8.10%,±0.1,"192,631","±2,596",9.80%,±0.1,"1,137,066","±4,345",9.10%,±0.1,"666,323","±4,888",9.70%,±0.1,"315,032","±4,238",9.80%,±0.1,"297,531","±4,024",10.10%,±0.1,"407,142","±4,924",9.00%,±0.1,"407,420","±5,817",8.90%,±0.1,8.70%,±0.2,"110,484","±1,961",7.90%,±0.1,"523,893","±3,914",8.50%,±0.1,"684,808","±2,579",9.80%,±0.1,"918,934","±4,861",9.20%,±0.1,"501,365","±3,592",8.70%,±0.1,"284,309","±5,082",9.70%,±0.2,"569,007","±4,726",9.20%,±0.1,"101,405","±1,941",9.00%,±0.2,"192,539","±2,229",9.70%,±0.1,"256,407","±2,757",8.00%,±0.1,"120,374","±2,100",8.60%,±0.1,"770,595","±2,944",8.30%,±0.1,"194,756","±3,389",9.20%,±0.2,"1,735,312","±4,220",8.90%,±0.1,"1,025,440","±7,809",9.50%,±0.1,"84,320","±2,883",10.80%,±0.4,"1,042,622","±6,195",8.80%,±0.1,"403,659","±3,296",10.00%,±0.1,"352,882","±3,701",8.30%,±0.1,"1,166,048","±4,449",9.00%,±0.1,"106,212","±1,373",9.70%,±0.1,"485,923","±5,378",9.00%,±0.1,"84,994","±2,440",9.20%,±0.3,"631,162","±5,448",8.90%,±0.1,"2,933,597","±8,752",9.60%,±0.1,"398,810","±2,559",11.70%,±0.1,"61,383","±1,768",9.50%,±0.3,"806,182","±5,993",9.20%,±0.1,"654,491","±3,480",8.40%,±0.1,"159,210","±2,916",9.00%,±0.2,"550,661","±4,144",9.30%,±0.1,"50,239","±2,193",8.60%,±0.4,"299,750","±4,023",9.40%,±0.1
        15 to 44 years,"1,978,258","±6,622",38.70%,±0.1,"315,595","±3,034",43.00%,±0.4,"2,969,035","±4,025",40.00%,±0.1,"1,210,652","±5,745",39.50%,±0.2,"16,261,179","±7,522",41.70%,±0.1,"2,560,447","±5,302",43.60%,±0.1,"1,393,129","±2,575",38.50%,±0.1,"380,513","±1,345",36.90%,±0.1,"345,854",±312,50.90%,±0.1,"8,329,980","±8,831",36.80%,±0.1,"4,527,736","±11,645",41.10%,±0.1,"542,045","±1,867",37.80%,±0.1,"794,727","±3,053",40.40%,±0.2,"5,005,194","±5,883",39.90%,±0.1,"2,731,156","±6,305",39.80%,±0.1,"1,256,985","±4,511",39.20%,±0.1,"1,190,487","±4,704",40.50%,±0.2,"1,752,347","±5,692",38.70%,±0.1,"1,807,503","±7,054",39.50%,±0.2,38.90%,±0.3,"501,415","±1,983",35.90%,±0.1,"2,411,928","±4,020",39.00%,±0.1,"2,830,735","±2,810",40.40%,±0.1,"3,850,742","±4,159",38.40%,±0.1,"2,259,289","±4,207",39.40%,±0.1,"1,156,549","±7,610",39.30%,±0.3,"2,428,043","±5,960",39.20%,±0.1,"438,981","±3,069",38.80%,±0.3,"795,382","±3,142",40.20%,±0.2,"1,285,066","±3,203",40.20%,±0.1,"524,027","±2,187",37.40%,±0.2,"3,556,615","±3,655",38.30%,±0.1,"832,560","±5,549",39.40%,±0.3,"7,723,017","±5,567",39.50%,±0.1,"4,302,044","±10,512",39.70%,±0.1,"335,173","±3,118",42.80%,±0.4,"4,542,978","±7,232",38.50%,±0.1,"1,656,434","±3,251",40.90%,±0.1,"1,702,014","±4,455",40.20%,±0.1,"4,957,843","±5,688",38.20%,±0.1,"439,129","±2,463",40.10%,±0.2,"2,065,858","±5,907",38.40%,±0.1,"356,951","±2,688",38.80%,±0.3,"2,827,031","±6,127",39.70%,±0.1,"13,020,031","±11,348",42.70%,±0.1,"1,548,342","±3,169",45.30%,±0.1,"241,477","±1,570",37.30%,±0.2,"3,512,982","±7,398",40.30%,±0.1,"3,264,005","±4,886",41.80%,±0.1,"644,024","±2,941",36.40%,±0.2,"2,278,089","±4,676",38.50%,±0.1,"233,543","±2,406",40.00%,±0.4,"1,213,542","±4,659",37.90%,±0.1
        16 years and over,"4,115,279","±6,194",80.60%,±0.1,"577,598","±2,016",78.80%,±0.3,"6,049,109","±5,095",81.40%,±0.1,"2,452,773","±3,564",80.00%,±0.1,"31,584,340","±10,617",81.10%,±0.1,"4,818,044","±4,403",82.00%,±0.1,"2,987,218","±3,087",82.60%,±0.1,"846,414","±1,727",82.00%,±0.2,"564,543","±1,612",83.10%,±0.2,"18,768,460","±9,654",83.00%,±0.1,"8,818,867","±7,395",80.00%,±0.1,"1,172,357","±1,789",81.70%,±0.1,"1,558,313","±2,385",79.30%,±0.1,"10,192,179","±6,071",81.20%,±0.1,"5,470,753","±6,083",79.70%,±0.1,"2,570,587","±3,415",80.20%,±0.1,"2,339,516","±3,580",79.60%,±0.1,"3,633,664","±4,127",80.30%,±0.1,"3,635,137","±6,171",79.50%,±0.1,80.60%,±0.3,"1,180,683","±2,191",84.60%,±0.2,"4,979,552","±5,559",80.60%,±0.1,"5,828,175","±4,559",83.20%,±0.1,"8,186,295","±5,916",81.60%,±0.1,"4,602,443","±3,997",80.20%,±0.1,"2,354,139","±3,683",80.10%,±0.1,"4,997,010","±5,709",80.60%,±0.1,"924,869","±1,929",81.60%,±0.2,"1,558,006","±2,929",78.80%,±0.1,"2,594,279","±3,364",81.20%,±0.1,"1,184,596","±2,143",84.50%,±0.2,"7,520,182","±4,811",80.90%,±0.1,"1,723,938","±3,119",81.50%,±0.1,"16,085,030","±7,996",82.20%,±0.1,"8,792,430","±7,482",81.10%,±0.1,"622,500","±2,487",79.40%,±0.3,"9,520,298","±6,597",80.80%,±0.1,"3,201,739","±3,018",79.00%,±0.1,"3,506,067","±4,439",82.80%,±0.1,"10,658,635","±5,710",82.20%,±0.1,"916,988","±2,254",83.70%,±0.2,"4,370,726","±4,698",81.30%,±0.1,"725,788","±1,925",78.90%,±0.2,"5,747,865","±6,862",80.70%,±0.1,"23,857,262","±12,146",78.20%,±0.1,"2,600,950","±3,220",76.10%,±0.1,"547,286","±1,485",84.50%,±0.2,"7,066,427","±5,678",81.10%,±0.1,"6,357,108","±5,441",81.40%,±0.1,"1,464,056","±2,520",82.70%,±0.1,"4,822,901","±4,233",81.60%,±0.1,"469,355","±1,627",80.40%,±0.3,"2,777,060","±3,636",86.60%,±0.1
        18 years and over,"3,978,822","±2,016",77.90%,±0.1,"559,040","±1,101",76.20%,±0.2,"5,851,265",±967,78.70%,±0.1,"2,366,744","±1,704",77.10%,±0.1,"30,527,864","±3,099",78.30%,±0.1,"4,666,930","±2,167",79.40%,±0.1,"2,894,552",±302,80.00%,±0.1,"819,965",±92,79.50%,±0.1,"552,446",±197,81.40%,±0.1,"18,231,710","±2,639",80.60%,±0.1,"8,494,879","±2,976",77.00%,±0.1,"1,141,251",±444,79.50%,±0.1,"1,498,335","±1,216",76.30%,±0.1,"9,848,062","±2,216",78.50%,±0.1,"5,281,293","±3,089",77.00%,±0.1,"2,481,457","±2,501",77.40%,±0.1,"2,253,783","±1,953",76.60%,±0.1,"3,514,417","±2,730",77.60%,±0.1,"3,510,313","±2,768",76.70%,±0.1,78.00%,±0.2,"1,149,944","±1,150",82.40%,±0.1,"4,821,332","±1,809",78.00%,±0.1,"5,659,960","±1,978",80.80%,±0.1,"7,926,790","±1,672",79.00%,±0.1,"4,442,940","±2,045",77.40%,±0.1,"2,264,456","±1,960",77.00%,±0.1,"4,824,817","±3,044",77.90%,±0.1,"897,250","±1,073",79.20%,±0.1,"1,499,785","±1,503",75.80%,±0.1,"2,509,660",±802,78.60%,±0.1,"1,151,339",±878,82.10%,±0.1,"7,281,676","±1,398",78.40%,±0.1,"1,665,813","±1,763",78.80%,±0.1,"15,620,467","±2,010",79.80%,±0.1,"8,512,992","±3,065",78.60%,±0.1,"604,326","±2,370",77.10%,±0.3,"9,215,314","±2,785",78.20%,±0.1,"3,088,080","±1,131",76.20%,±0.1,"3,403,557","±1,812",80.40%,±0.1,"10,337,054","±1,375",79.80%,±0.1,"892,705",±851,81.50%,±0.1,"4,231,317","±1,741",78.70%,±0.1,"700,511","±1,602",76.20%,±0.2,"5,563,129","±3,552",78.10%,±0.1,"22,963,044","±3,765",75.30%,±0.1,"2,483,829","±1,482",72.70%,±0.1,"532,638","±1,049",82.30%,±0.2,"6,843,521","±3,107",78.50%,±0.1,"6,165,688","±1,516",78.90%,±0.1,"1,418,429","±1,560",80.10%,±0.1,"4,666,877","±1,928",79.00%,±0.1,"454,092","±1,097",77.70%,±0.2,"2,707,004",*****,84.40%,*****
        21 years and over,"3,763,934","±7,436",73.70%,±0.1,"533,123","±3,000",72.70%,±0.4,"5,553,078","±6,602",74.70%,±0.1,"2,243,142","±5,538",73.10%,±0.2,"28,988,643","±14,651",74.40%,±0.1,"4,441,305","±7,953",75.60%,±0.1,"2,743,788","±4,499",75.90%,±0.1,"779,308","±2,648",75.50%,±0.3,"526,682","±1,806",77.60%,±0.3,"17,446,963","±13,160",77.20%,±0.1,"8,037,936","±10,558",72.90%,±0.1,"1,093,745","±2,660",76.20%,±0.2,"1,409,213","±4,235",71.70%,±0.2,"9,374,392","±9,175",74.70%,±0.1,"4,990,409","±7,837",72.70%,±0.1,"2,341,800","±5,842",73.00%,±0.2,"2,127,099","±5,242",72.30%,±0.2,"3,356,000","±6,763",74.10%,±0.1,"3,333,349","±7,203",72.90%,±0.2,74.20%,±0.3,"1,101,376","±2,908",78.90%,±0.2,"4,594,943","±6,618",74.30%,±0.1,"5,361,519","±6,191",76.60%,±0.1,"7,538,746","±7,934",75.10%,±0.1,"4,219,096","±6,696",73.50%,±0.1,"2,129,084","±5,355",72.40%,±0.2,"4,585,840","±7,035",74.00%,±0.1,"852,690","±3,361",75.30%,±0.3,"1,422,995","±3,667",71.90%,±0.2,"2,404,607","±4,107",75.30%,±0.1,"1,098,146","±3,122",78.30%,±0.2,"6,961,068","±5,837",74.90%,±0.1,"1,580,658","±4,638",74.80%,±0.2,"14,878,507","±12,023",76.00%,±0.1,"8,057,665","±10,598",74.40%,±0.1,"566,822","±3,983",72.30%,±0.5,"8,760,422","±8,117",74.30%,±0.1,"2,911,256","±3,881",71.80%,±0.1,"3,259,500","±6,028",77.00%,±0.1,"9,803,793","±7,932",75.60%,±0.1,"840,348","±2,470",76.70%,±0.2,"4,016,679","±7,349",74.70%,±0.1,"661,415","±2,936",71.90%,±0.3,"5,301,999","±8,692",74.40%,±0.1,"21,706,890","±15,732",71.20%,±0.1,"2,323,601","±4,872",68.00%,±0.1,"501,345","±2,162",77.40%,±0.3,"6,493,085","±9,477",74.50%,±0.1,"5,897,062","±7,106",75.50%,±0.1,"1,345,507","±4,054",76.00%,±0.2,"4,432,759","±7,223",75.00%,±0.1,"431,053","±3,094",73.80%,±0.5,"2,584,911","±5,242",80.60%,±0.2
        60 years and over,"1,276,225","±7,108",25.00%,±0.1,"149,758","±2,801",20.40%,±0.4,"1,905,562","±9,845",25.60%,±0.1,"750,996","±5,604",24.50%,±0.2,"8,651,346","±20,103",22.20%,±0.1,"1,301,867","±7,499",22.10%,±0.1,"955,457","±6,917",26.40%,±0.2,"296,881","±3,288",28.80%,±0.3,"120,177","±2,705",17.70%,±0.4,"6,515,453","±13,138",28.80%,±0.1,"2,370,455","±12,709",21.50%,±0.1,"394,201","±2,998",27.50%,±0.2,"463,084","±4,145",23.60%,±0.2,"3,031,809","±10,718",24.20%,±0.1,"1,617,601","±8,696",23.60%,±0.1,"810,697","±5,509",25.30%,±0.2,"707,045","±5,386",24.00%,±0.2,"1,103,183","±8,317",24.40%,±0.2,"1,095,443","±7,616",24.00%,±0.2,25.40%,±0.2,"432,313","±3,578",31.00%,±0.3,"1,481,299","±8,656",24.00%,±0.1,"1,782,008","±8,952",25.50%,±0.1,"2,629,520","±7,939",26.20%,±0.1,"1,412,766","±7,074",24.60%,±0.1,"712,693","±5,422",24.20%,±0.2,"1,561,041","±8,368",25.20%,±0.1,"309,876","±3,134",27.40%,±0.3,"467,682","±3,757",23.60%,±0.2,"757,348","±4,644",23.70%,±0.1,"408,715","±5,102",29.20%,±0.4,"2,279,626","±11,650",24.50%,±0.1,"566,470","±4,928",26.80%,±0.2,"4,950,701","±15,027",25.30%,±0.1,"2,610,422","±11,974",24.10%,±0.1,"182,362","±2,803",23.30%,±0.4,"3,013,246","±11,992",25.60%,±0.1,"925,676","±5,308",22.80%,±0.1,"1,095,847","±6,654",25.90%,±0.2,"3,499,469","±12,007",27.00%,±0.1,"289,867","±3,324",26.40%,±0.3,"1,408,424","±9,500",26.20%,±0.2,"228,464","±2,842",24.90%,±0.3,"1,713,899","±10,205",24.00%,±0.1,"5,889,582","±18,806",19.30%,±0.1,"572,174","±5,305",16.70%,±0.2,"194,509","±2,639",30.00%,±0.4,"2,060,539","±10,880",23.60%,±0.1,"1,822,469","±8,327",23.30%,±0.1,"501,393","±4,686",28.30%,±0.3,"1,552,580","±6,304",26.30%,±0.1,"152,872","±2,579",26.20%,±0.4,"992,725","±6,237",31.00%,±0.2
        62 years and over,"1,142,062","±6,050",22.40%,±0.1,"129,718","±2,076",17.70%,±0.3,"1,713,108","±8,083",23.10%,±0.1,"674,532","±5,472",22.00%,±0.2,"7,678,315","±17,468",19.70%,±0.1,"1,164,621","±7,361",19.80%,±0.1,"848,914","±6,417",23.50%,±0.2,"267,282","±3,491",25.90%,±0.3,"106,908","±2,438",15.70%,±0.4,"5,861,513","±11,993",25.90%,±0.1,"2,098,607","±10,686",19.00%,±0.1,"357,726","±2,888",24.90%,±0.2,"414,929","±3,951",21.10%,±0.2,"2,699,874","±9,058",21.50%,±0.1,"1,445,099","±7,345",21.10%,±0.1,"724,702","±4,967",22.60%,±0.2,"631,620","±4,616",21.50%,±0.2,"978,479","±7,001",21.60%,±0.2,"973,703","±7,291",21.30%,±0.2,22.80%,±0.2,"389,031","±3,471",27.90%,±0.2,"1,313,309","±8,209",21.30%,±0.1,"1,580,798","±8,831",22.60%,±0.1,"2,352,480","±7,702",23.40%,±0.1,"1,254,373","±6,591",21.90%,±0.1,"636,624","±5,256",21.70%,±0.2,"1,389,238","±7,707",22.40%,±0.1,"278,365","±3,392",24.60%,±0.3,"416,043","±3,552",21.00%,±0.2,"677,990","±5,132",21.20%,±0.2,"360,546","±4,865",25.70%,±0.3,"2,033,734","±10,630",21.90%,±0.1,"508,241","±4,174",24.00%,±0.2,"4,427,300","±13,997",22.60%,±0.1,"2,324,497","±10,633",21.50%,±0.1,"163,294","±2,664",20.80%,±0.3,"2,702,601","±9,823",22.90%,±0.1,"827,486","±4,874",20.40%,±0.1,"989,317","±6,804",23.40%,±0.2,"3,143,340","±11,472",24.30%,±0.1,"257,596","±3,131",23.50%,±0.3,"1,261,863","±8,696",23.50%,±0.2,"206,183","±3,219",22.40%,±0.4,"1,527,244","±9,909",21.40%,±0.1,"5,200,569","±17,174",17.00%,±0.1,"512,926","±4,780",15.00%,±0.1,"173,657","±2,537",26.80%,±0.4,"1,836,036","±10,047",21.10%,±0.1,"1,625,675","±8,691",20.80%,±0.1,"450,145","±3,771",25.40%,±0.2,"1,383,652","±6,467",23.40%,±0.1,"138,427","±2,408",23.70%,±0.4,"903,627","±6,057",28.20%,±0.2
        65 years and over,"932,119","±3,112",18.20%,±0.1,"102,998","±1,380",14.00%,±0.2,"1,437,731","±1,997",19.30%,±0.1,"550,906","±3,048",18.00%,±0.1,"6,311,919","±4,042",16.20%,±0.1,"944,542","±2,584",16.10%,±0.1,"690,031","±1,744",19.10%,±0.1,"219,957",±899,21.30%,±0.1,"88,996",±391,13.10%,±0.1,"4,917,782","±4,052",21.70%,±0.1,"1,699,250","±4,960",15.40%,±0.1,"303,352",±603,21.10%,±0.1,"342,259","±1,662",17.40%,±0.1,"2,205,830","±2,759",17.60%,±0.1,"1,181,568","±3,257",17.20%,±0.1,"594,888","±2,070",18.50%,±0.1,"518,365","±2,606",17.60%,±0.1,"804,768","±2,441",17.80%,±0.1,"794,591","±3,062",17.40%,±0.1,18.90%,±0.1,"320,120","±1,389",22.90%,±0.1,"1,066,638","±2,496",17.30%,±0.1,"1,292,884","±1,376",18.50%,±0.1,"1,932,225","±2,433",19.30%,±0.1,"1,025,928","±2,524",17.90%,±0.1,"516,492","±2,488",17.60%,±0.1,"1,138,497","±3,213",18.40%,±0.1,"231,950","±1,250",20.50%,±0.1,"340,925","±1,994",17.20%,±0.1,"554,859","±1,915",17.40%,±0.1,"289,958","±1,598",20.70%,±0.1,"1,646,777","±1,539",17.70%,±0.1,"421,772","±2,108",19.90%,±0.1,"3,635,501","±2,822",18.60%,±0.1,"1,915,356","±4,381",17.70%,±0.1,"133,955","±1,419",17.10%,±0.2,"2,213,997","±3,764",18.80%,±0.1,"676,985","±1,734",16.70%,±0.1,"827,874","±2,152",19.60%,±0.1,"2,597,954","±2,676",20.00%,±0.1,"212,376","±1,699",19.40%,±0.2,"1,038,094","±2,827",19.30%,±0.1,"169,586","±1,331",18.40%,±0.1,"1,246,596","±4,195",17.50%,±0.1,"4,194,990","±5,923",13.80%,±0.1,"415,749","±1,630",12.20%,±0.1,"143,421","±1,000",22.20%,±0.2,"1,498,931","±3,898",17.20%,±0.1,"1,339,130","±2,569",17.10%,±0.1,"380,192","±1,604",21.50%,±0.1,"1,133,395","±2,918",19.20%,±0.1,"112,097","±1,150",19.20%,±0.2,"770,861",*****,24.00%,*****
        75 years and over,"378,111","±2,664",7.40%,±0.1,"36,360","±1,269",5.00%,±0.2,"629,499","±2,078",8.50%,±0.1,"229,676","±2,385",7.50%,±0.1,"2,649,566","±3,598",6.80%,±0.1,"365,396","±2,363",6.20%,±0.1,"295,108","±2,133",8.20%,±0.1,"87,087",±964,8.40%,±0.1,"37,925",±561,5.60%,±0.1,"2,236,260","±4,355",9.90%,±0.1,"668,186","±3,445",6.10%,±0.1,"137,146",±848,9.60%,±0.1,"134,564","±1,067",6.80%,±0.1,"910,226","±2,850",7.30%,±0.1,"477,247","±2,578",7.00%,±0.1,"249,665","±1,556",7.80%,±0.1,"211,375","±1,935",7.20%,±0.1,"320,190","±1,871",7.10%,±0.1,"310,728","±2,622",6.80%,±0.1,7.80%,±0.1,"130,313",±945,9.30%,±0.1,"440,562","±2,111",7.10%,±0.1,"539,805","±1,663",7.70%,±0.1,"772,225","±2,638",7.70%,±0.1,"419,467","±1,943",7.30%,±0.1,"204,839","±2,390",7.00%,±0.1,"466,810","±2,113",7.50%,±0.1,"90,819",±877,8.00%,±0.1,"139,279","±1,398",7.00%,±0.1,"222,441","±1,077",7.00%,±0.1,"114,810","±1,026",8.20%,±0.1,"692,518","±2,165",7.50%,±0.1,"172,739","±2,194",8.20%,±0.1,"1,552,425","±2,406",7.90%,±0.1,"773,636","±3,821",7.10%,±0.1,"56,316","±1,040",7.20%,±0.1,"895,674","±3,160",7.60%,±0.1,"275,972","±1,634",6.80%,±0.1,"335,375","±2,855",7.90%,±0.1,"1,087,370","±2,880",8.40%,±0.1,"88,615","±1,615",8.10%,±0.1,"416,598","±2,673",7.80%,±0.1,"66,028","±1,056",7.20%,±0.1,"497,251","±3,115",7.00%,±0.1,"1,646,944","±5,056",5.40%,±0.1,"161,137","±1,399",4.70%,±0.1,"57,611",±623,8.90%,±0.1,"617,963","±3,716",7.10%,±0.1,"537,061","±2,049",6.90%,±0.1,"154,775","±1,071",8.70%,±0.1,"448,710","±1,874",7.60%,±0.1,"41,835","±1,039",7.20%,±0.2,"386,486",*****,12.10%,*****
    SUMMARY INDICATORS,,,,,,,,,,,,,,,,,,,,,,,,,,,,,,,,,,,,,,,,,,,,,,,,,,,,,,,,,,,,,,,,,,,,,,,,,,,,,,,,,,,,,,,,,,,,,,,,,,,,,,,,,,,,,,,,,,,,,,,,,,,,,,,,,,,,,,,,,,,,,,,,,,,,,,,,,,,,,,,,,,,,,,,,,,,,,,,,,,,,,,,,,,,,,,,,,,,,,,,,,,,,,,,,,,
        Median age (years),39.6,±0.2,(X),(X),36.5,±0.3,(X),(X),39.3,±0.2,(X),(X),38.9,±0.2,(X),(X),38.2,±0.1,(X),(X),37.9,±0.2,(X),(X),41.5,±0.3,(X),(X),42,±0.3,(X),(X),34.9,±0.1,(X),(X),42.8,±0.2,(X),(X),37.9,±0.2,(X),(X),41.4,±0.2,(X),(X),37.8,±0.2,(X),(X),39.5,±0.1,(X),(X),38.3,±0.2,(X),(X),39.1,±0.2,(X),(X),37.9,±0.2,(X),(X),39.2,±0.2,(X),(X),38.7,±0.2,(X),(X),(X),(X),44.9,±0.2,(X),(X),39.8,±0.2,(X),(X),40.3,±0.1,(X),(X),40.5,±0.2,(X),(X),39.1,±0.1,(X),(X),39.3,±0.3,(X),(X),39.3,±0.2,(X),(X),40.6,±0.4,(X),(X),37.4,±0.3,(X),(X),39.4,±0.2,(X),(X),43.4,±0.3,(X),(X),40.4,±0.2,(X),(X),39.9,±0.3,(X),(X),40.2,±0.2,(X),(X),39.4,±0.2,(X),(X),36.3,±0.3,(X),(X),39.9,±0.2,(X),(X),37.1,±0.2,(X),(X),40.7,±0.2,(X),(X),41.1,±0.1,(X),(X),40.8,±0.3,(X),(X),40.5,±0.1,(X),(X),38.5,±0.3,(X),(X),39.1,±0.2,(X),(X),35.9,±0.1,(X),(X),32.3,±0.2,(X),(X),43.7,±0.3,(X),(X),39.3,±0.1,(X),(X),38.6,±0.1,(X),(X),42.8,±0.3,(X),(X),40.5,±0.1,(X),(X),39.3,±0.4,(X),(X),45,±0.2,(X),(X)
        Sex ratio (males per 100 females),93.7,±0.4,(X),(X),111,±1.5,(X),(X),99.6,±0.2,(X),(X),97.2,±0.6,(X),(X),99.7,±0.1,(X),(X),102.9,±0.3,(X),(X),96.4,±0.3,(X),(X),93.6,±0.7,(X),(X),90,±0.1,(X),(X),96.7,±0.1,(X),(X),95.2,±0.3,(X),(X),100.4,±0.4,(X),(X),101.2,±0.5,(X),(X),97.6,±0.2,(X),(X),98.9,±0.3,(X),(X),99.9,±0.5,(X),(X),100.9,±0.6,(X),(X),98.3,±0.4,(X),(X),95.7,±0.6,(X),(X),(X),(X),96.4,±0.6,(X),(X),94.3,±0.2,(X),(X),95.6,±0.2,(X),(X),97.9,±0.2,(X),(X),100.1,±0.3,(X),(X),94.1,±0.9,(X),(X),97.4,±0.3,(X),(X),102.2,±0.8,(X),(X),100.7,±0.7,(X),(X),101.3,±0.3,(X),(X),99.7,±0.7,(X),(X),96.9,±0.2,(X),(X),98.4,±0.7,(X),(X),95.3,±0.1,(X),(X),96.2,±0.3,(X),(X),104.4,±1.7,(X),(X),97.3,±0.2,(X),(X),98.8,±0.3,(X),(X),98.9,±0.4,(X),(X),97.2,±0.1,(X),(X),95.5,±0.9,(X),(X),94.1,±0.4,(X),(X),103.8,±1.0,(X),(X),96.3,±0.4,(X),(X),99.5,±0.1,(X),(X),102.7,±0.3,(X),(X),99.5,±1.1,(X),(X),97.5,±0.3,(X),(X),101.4,±0.2,(X),(X),99.5,±0.8,(X),(X),100.3,±0.3,(X),(X),102.6,±1.9,(X),(X),90,±0.5,(X),(X)
        Age dependency ratio,67.7,±0.2,(X),(X),60.8,±0.6,(X),(X),68.4,±0.1,(X),(X),68.9,±0.3,(X),(X),60.9,±0.1,(X),(X),57.9,±0.1,(X),(X),64.1,±0.1,(X),(X),72,±0.3,(X),(X),46.5,±0.1,(X),(X),69.8,±0.1,(X),(X),62.3,±0.1,(X),(X),71.3,±0.1,(X),(X),69.9,±0.3,(X),(X),64.2,±0.1,(X),(X),67.4,±0.2,(X),(X),70,±0.3,(X),(X),69.4,±0.3,(X),(X),67,±0.2,(X),(X),68.4,±0.3,(X),(X),(X),(X),68.2,±0.3,(X),(X),64.6,±0.1,(X),(X),60.3,±0.1,(X),(X),67.4,±0.1,(X),(X),67.9,±0.2,(X),(X),68.2,±0.3,(X),(X),68.1,±0.2,(X),(X),70.3,±0.3,(X),(X),70.7,±0.3,(X),(X),63.4,±0.2,(X),(X),62.8,±0.3,(X),(X),64.9,±0.1,(X),(X),70,±0.4,(X),(X),63.3,±0.1,(X),(X),64.2,±0.1,(X),(X),66.7,±0.9,(X),(X),68.3,±0.1,(X),(X),68.1,±0.1,(X),(X),64.4,±0.2,(X),(X),67.5,±0.1,(X),(X),61.1,±0.4,(X),(X),68.3,±0.1,(X),(X),73.2,±0.7,(X),(X),65.1,±0.2,(X),(X),62.5,±0.1,(X),(X),65.3,±0.2,(X),(X),66.4,±0.5,(X),(X),63.1,±0.1,(X),(X),61.9,±0.1,(X),(X),70.5,±0.3,(X),(X),67.3,±0.2,(X),(X),70.8,±0.8,(X),(X),65.6,*****,(X),(X)
        Old-age dependency ratio,30.6,±0.1,(X),(X),22.6,±0.4,(X),(X),32.6,±0.1,(X),(X),30.3,±0.2,(X),(X),26.1,±0.1,(X),(X),25.4,±0.1,(X),(X),31.3,±0.1,(X),(X),36.7,±0.2,(X),(X),19.2,±0.1,(X),(X),36.9,±0.1,(X),(X),25,±0.1,(X),(X),36.2,±0.1,(X),(X),29.6,±0.2,(X),(X),28.9,±0.1,(X),(X),28.8,±0.1,(X),(X),31.5,±0.1,(X),(X),29.9,±0.2,(X),(X),29.7,±0.1,(X),(X),29.3,±0.2,(X),(X),(X),(X),38.6,±0.2,(X),(X),28.4,±0.1,(X),(X),29.6,±0.1,(X),(X),32.2,±0.1,(X),(X),30,±0.1,(X),(X),29.5,±0.2,(X),(X),30.9,±0.1,(X),(X),34.9,±0.2,(X),(X),29.4,±0.2,(X),(X),28.4,±0.1,(X),(X),33.7,±0.2,(X),(X),29.2,±0.1,(X),(X),33.9,±0.2,(X),(X),30.3,±0.1,(X),(X),29,±0.1,(X),(X),28.5,±0.4,(X),(X),31.6,±0.1,(X),(X),28.1,±0.1,(X),(X),32.1,±0.1,(X),(X),33.6,±0.1,(X),(X),31.2,±0.3,(X),(X),32.5,±0.1,(X),(X),31.9,±0.3,(X),(X),28.9,±0.1,(X),(X),22.4,±0.1,(X),(X),20.1,±0.1,(X),(X),36.8,±0.3,(X),(X),28,±0.1,(X),(X),27.7,±0.1,(X),(X),36.6,±0.2,(X),(X),32.1,±0.1,(X),(X),32.8,±0.5,(X),(X),39.8,*****,(X),(X)
        Child dependency ratio,37.1,±0.1,(X),(X),38.2,±0.4,(X),(X),35.8,±0.1,(X),(X),38.6,±0.1,(X),(X),34.8,±0.1,(X),(X),32.5,±0.1,(X),(X),32.8,±0.1,(X),(X),35.3,±0.1,(X),(X),27.3,±0.1,(X),(X),32.9,±0.1,(X),(X),37.3,±0.1,(X),(X),35.1,±0.1,(X),(X),40.3,±0.2,(X),(X),35.4,±0.1,(X),(X),38.6,±0.1,(X),(X),38.5,±0.2,(X),(X),39.6,±0.2,(X),(X),37.3,±0.1,(X),(X),39.2,±0.2,(X),(X),(X),(X),29.6,±0.2,(X),(X),36.2,±0.1,(X),(X),30.7,±0.1,(X),(X),35.2,±0.1,(X),(X),37.9,±0.1,(X),(X),38.6,±0.2,(X),(X),37.2,±0.1,(X),(X),35.4,±0.2,(X),(X),41.3,±0.2,(X),(X),35,±0.1,(X),(X),29.1,±0.1,(X),(X),35.7,±0.1,(X),(X),36.1,±0.2,(X),(X),33,±0.1,(X),(X),35.2,±0.1,(X),(X),38.2,±0.7,(X),(X),36.7,±0.1,(X),(X),40.1,±0.1,(X),(X),32.2,±0.1,(X),(X),33.9,±0.1,(X),(X),29.9,±0.2,(X),(X),35.8,±0.1,(X),(X),41.2,±0.4,(X),(X),36.2,±0.1,(X),(X),40.2,±0.1,(X),(X),45.2,±0.1,(X),(X),29.5,±0.3,(X),(X),35,±0.1,(X),(X),34.1,±0.1,(X),(X),33.9,±0.2,(X),(X),35.2,±0.1,(X),(X),38,±0.5,(X),(X),25.8,*****,(X),(X)
    PERCENT ALLOCATED,,,,,,,,,,,,,,,,,,,,,,,,,,,,,,,,,,,,,,,,,,,,,,,,,,,,,,,,,,,,,,,,,,,,,,,,,,,,,,,,,,,,,,,,,,,,,,,,,,,,,,,,,,,,,,,,,,,,,,,,,,,,,,,,,,,,,,,,,,,,,,,,,,,,,,,,,,,,,,,,,,,,,,,,,,,,,,,,,,,,,,,,,,,,,,,,,,,,,,,,,,,,,,,,,,
        Sex,(X),(X),0.10%,(X),(X),(X),0.00%,(X),(X),(X),0.10%,(X),(X),(X),0.10%,(X),(X),(X),0.00%,(X),(X),(X),0.00%,(X),(X),(X),0.00%,(X),(X),(X),0.10%,(X),(X),(X),0.00%,(X),(X),(X),0.00%,(X),(X),(X),0.00%,(X),(X),(X),0.10%,(X),(X),(X),0.10%,(X),(X),(X),0.00%,(X),(X),(X),0.10%,(X),(X),(X),0.00%,(X),(X),(X),0.00%,(X),(X),(X),0.00%,(X),(X),(X),0.10%,(X),(X),(X),(X),(X),0.10%,(X),(X),(X),0.10%,(X),(X),(X),0.00%,(X),(X),(X),0.10%,(X),(X),(X),0.10%,(X),(X),(X),0.10%,(X),(X),(X),0.10%,(X),(X),(X),0.10%,(X),(X),(X),0.10%,(X),(X),(X),0.00%,(X),(X),(X),0.00%,(X),(X),(X),0.10%,(X),(X),(X),0.10%,(X),(X),(X),0.10%,(X),(X),(X),0.00%,(X),(X),(X),0.00%,(X),(X),(X),0.00%,(X),(X),(X),0.00%,(X),(X),(X),0.10%,(X),(X),(X),0.10%,(X),(X),(X),0.00%,(X),(X),(X),0.10%,(X),(X),(X),0.00%,(X),(X),(X),0.10%,(X),(X),(X),0.00%,(X),(X),(X),0.00%,(X),(X),(X),0.10%,(X),(X),(X),0.10%,(X),(X),(X),0.10%,(X),(X),(X),0.00%,(X),(X),(X),0.10%,(X),(X),(X),0.10%,(X),(X),(X),0.10%,(X)
        Age,(X),(X),1.10%,(X),(X),(X),2.50%,(X),(X),(X),1.80%,(X),(X),(X),1.30%,(X),(X),(X),1.70%,(X),(X),(X),1.30%,(X),(X),(X),1.10%,(X),(X),(X),0.80%,(X),(X),(X),1.80%,(X),(X),(X),1.70%,(X),(X),(X),1.70%,(X),(X),(X),2.20%,(X),(X),(X),1.30%,(X),(X),(X),1.10%,(X),(X),(X),1.10%,(X),(X),(X),1.10%,(X),(X),(X),1.10%,(X),(X),(X),1.00%,(X),(X),(X),1.80%,(X),(X),(X),(X),(X),1.10%,(X),(X),(X),1.30%,(X),(X),(X),1.50%,(X),(X),(X),1.00%,(X),(X),(X),0.90%,(X),(X),(X),1.50%,(X),(X),(X),1.20%,(X),(X),(X),1.50%,(X),(X),(X),1.10%,(X),(X),(X),1.60%,(X),(X),(X),0.80%,(X),(X),(X),1.50%,(X),(X),(X),1.60%,(X),(X),(X),1.70%,(X),(X),(X),1.50%,(X),(X),(X),1.00%,(X),(X),(X),0.80%,(X),(X),(X),1.10%,(X),(X),(X),1.20%,(X),(X),(X),1.00%,(X),(X),(X),1.00%,(X),(X),(X),1.30%,(X),(X),(X),1.60%,(X),(X),(X),1.70%,(X),(X),(X),1.20%,(X),(X),(X),2.10%,(X),(X),(X),0.80%,(X),(X),(X),1.20%,(X),(X),(X),1.30%,(X),(X),(X),1.10%,(X),(X),(X),0.90%,(X),(X),(X),0.90%,(X),(X),(X),1.90%,(X)
